,time,city,site,aqi,level,primarypollutant,pm25,pm10,co,no2,ozone1hour,ozone8hour,so2
0,2018-02-01 18:00:00,上海,青浦淀山湖,134,轻度污染,细颗粒物(PM2.5),102,,1.4,86,52,71,20
1,2018-02-01 19:00:00,上海,青浦淀山湖,185,中度污染,细颗粒物(PM2.5),139,,1.6,101,34,68,19
2,2018-02-01 20:00:00,上海,青浦淀山湖,200,中度污染,细颗粒物(PM2.5),150,,1.5,105,24,64,18
3,2018-02-01 21:00:00,上海,青浦淀山湖,193,中度污染,细颗粒物(PM2.5),145,,1.5,114,12,55,18
4,2018-02-01 22:00:00,上海,青浦淀山湖,193,中度污染,细颗粒物(PM2.5),145,,1.6,119,6,46,17
5,2018-02-01 23:00:00,上海,青浦淀山湖,188,中度污染,细颗粒物(PM2.5),141,,1.6,110,6,36,17
6,2018-02-02 00:00:00,上海,青浦淀山湖,186,中度污染,细颗粒物(PM2.5),140,,1.6,110,7,26,17
7,2018-02-02 01:00:00,上海,青浦淀山湖,179,中度污染,细颗粒物(PM2.5),135,,1.6,109,6,6,15
8,2018-02-02 02:00:00,上海,青浦淀山湖,180,中度污染,细颗粒物(PM2.5),136,,1.8,118,6,6,15
9,2018-02-02 03:00:00,上海,青浦淀山湖,193,中度污染,细颗粒物(PM2.5),145,,1.8,122,5,6,16
10,2018-02-02 04:00:00,上海,青浦淀山湖,193,中度污染,细颗粒物(PM2.5),145,,1.9,121,6,6,19
11,2018-02-02 05:00:00,上海,青浦淀山湖,208,重度污染,细颗粒物(PM2.5),158,,2.0,122,6,6,22
12,2018-02-02 07:00:00,上海,青浦淀山湖,203,重度污染,细颗粒物(PM2.5),153,,1.9,118,6,6,21
13,2018-02-02 08:00:00,上海,青浦淀山湖,195,中度污染,细颗粒物(PM2.5),146,,2.0,114,8,6,22
14,2018-02-02 13:00:00,上海,青浦淀山湖,215,重度污染,细颗粒物(PM2.5),165,,1.5,70,90,26,32
15,2018-02-02 14:00:00,上海,青浦淀山湖,190,中度污染,细颗粒物(PM2.5),143,,1.5,75,86,36,31
16,2018-02-02 16:00:00,上海,青浦淀山湖,189,中度污染,细颗粒物(PM2.5),142,159,1.7,84,85,54,30
17,2018-02-02 17:00:00,上海,青浦淀山湖,135,轻度污染,细颗粒物(PM2.5),103,112,1.0,57,111,67,24
18,2018-02-02 18:00:00,上海,青浦淀山湖,132,轻度污染,细颗粒物(PM2.5),100,111,1.4,79,79,75,24
19,2018-02-02 19:00:00,上海,青浦淀山湖,147,轻度污染,细颗粒物(PM2.5),112,113,1.0,58,75,82,22
20,2018-02-02 20:00:00,上海,青浦淀山湖,129,轻度污染,细颗粒物(PM2.5),98,109,1.0,62,56,83,25
21,2018-02-02 21:00:00,上海,青浦淀山湖,137,轻度污染,细颗粒物(PM2.5),104,115,1.1,61,51,78,24
22,2018-02-02 22:00:00,上海,青浦淀山湖,138,轻度污染,细颗粒物(PM2.5),105,131,1.1,44,52,74,18
23,2018-02-02 23:00:00,上海,青浦淀山湖,104,轻度污染,细颗粒物(PM2.5),78,114,0.9,29,66,72,14
24,2018-02-03 00:00:00,上海,青浦淀山湖,82,良,细颗粒物(PM2.5),60,98,0.9,33,57,68,15
25,2018-02-03 01:00:00,上海,青浦淀山湖,79,良,细颗粒物(PM2.5),58,95,0.8,30,55,55,15
26,2018-02-03 02:00:00,上海,青浦淀山湖,79,良,细颗粒物(PM2.5),58,87,0.8,28,53,54,14
27,2018-02-03 03:00:00,上海,青浦淀山湖,77,良,细颗粒物(PM2.5),56,80,0.8,25,53,54,13
28,2018-02-03 04:00:00,上海,青浦淀山湖,68,良,细颗粒物(PM2.5),49,69,0.8,20,60,55,12
29,2018-02-03 05:00:00,上海,青浦淀山湖,63,良,细颗粒物(PM2.5),45,60,0.8,20,60,56,13
30,2018-02-03 06:00:00,上海,青浦淀山湖,57,良,细颗粒物(PM2.5),40,52,0.7,20,60,57,12
31,2018-02-03 07:00:00,上海,青浦淀山湖,49,优,细颗粒物(PM2.5),34,45,0.7,20,57,57,11
32,2018-02-03 08:00:00,上海,青浦淀山湖,42,优,细颗粒物(PM2.5),29,40,0.7,18,60,57,11
33,2018-02-03 09:00:00,上海,青浦淀山湖,42,优,细颗粒物(PM2.5),29,37,0.9,22,57,58,15
34,2018-02-03 10:00:00,上海,青浦淀山湖,53,良,细颗粒物(PM2.5),37,43,0.9,23,60,58,16
35,2018-02-03 11:00:00,上海,青浦淀山湖,49,优,细颗粒物(PM2.5),34,42,0.7,21,64,60,14
36,2018-02-03 12:00:00,上海,青浦淀山湖,46,优,细颗粒物(PM2.5),32,43,0.6,20,69,61,12
37,2018-02-03 13:00:00,上海,青浦淀山湖,45,优,细颗粒物(PM2.5),31,43,0.7,22,69,62,12
38,2018-02-03 14:00:00,上海,青浦淀山湖,52,良,细颗粒物(PM2.5),36,48,0.9,25,69,63,14
39,2018-02-03 15:00:00,上海,青浦淀山湖,52,良,颗粒物(PM10)细颗粒物(PM2.5),36,53,1.0,28,68,64,15
40,2018-02-03 16:00:00,上海,青浦淀山湖,55,良,细颗粒物(PM2.5),39,58,1.0,31,67,65,15
41,2018-02-03 17:00:00,上海,青浦淀山湖,57,良,细颗粒物(PM2.5),40,59,1.0,34,64,66,14
42,2018-02-03 18:00:00,上海,青浦淀山湖,63,良,细颗粒物(PM2.5),45,61,0.8,32,64,67,11
43,2018-02-03 19:00:00,上海,青浦淀山湖,57,良,细颗粒物(PM2.5),40,56,0.7,29,62,66,9
44,2018-02-03 20:00:00,上海,青浦淀山湖,59,良,细颗粒物(PM2.5),42,51,0.7,27,61,66,8
45,2018-02-03 21:00:00,上海,青浦淀山湖,57,良,细颗粒物(PM2.5),40,50,0.6,29,55,64,9
46,2018-02-03 22:00:00,上海,青浦淀山湖,50,优,细颗粒物(PM2.5),35,45,0.5,26,61,63,9
47,2018-02-03 23:00:00,上海,青浦淀山湖,48,优,细颗粒物(PM2.5),33,39,0.5,22,70,63,10
48,2018-02-04 00:00:00,上海,青浦淀山湖,39,优,细颗粒物(PM2.5),27,38,0.6,25,64,63,11
49,2018-02-04 01:00:00,上海,青浦淀山湖,46,优,细颗粒物(PM2.5),32,37,0.6,22,66,66,13
50,2018-02-04 02:00:00,上海,青浦淀山湖,49,优,细颗粒物(PM2.5),34,36,0.7,27,58,62,14
51,2018-02-04 03:00:00,上海,青浦淀山湖,58,良,细颗粒物(PM2.5),41,41,0.8,37,45,56,17
52,2018-02-04 04:00:00,上海,青浦淀山湖,62,良,细颗粒物(PM2.5),44,41,0.9,39,44,53,18
53,2018-02-04 05:00:00,上海,青浦淀山湖,60,良,细颗粒物(PM2.5),43,44,0.8,36,43,51,16
54,2018-02-04 06:00:00,上海,青浦淀山湖,62,良,细颗粒物(PM2.5),44,46,1.1,41,35,48,22
55,2018-02-04 07:00:00,上海,青浦淀山湖,68,良,细颗粒物(PM2.5),49,56,1.1,45,31,46,26
56,2018-02-04 08:00:00,上海,青浦淀山湖,73,良,细颗粒物(PM2.5),53,63,0.9,42,34,44,22
57,2018-02-04 09:00:00,上海,青浦淀山湖,88,良,细颗粒物(PM2.5),65,67,1.0,38,44,42,26
58,2018-02-04 10:00:00,上海,青浦淀山湖,89,良,细颗粒物(PM2.5),66,66,1.1,39,51,41,31
59,2018-02-04 11:00:00,上海,青浦淀山湖,87,良,细颗粒物(PM2.5),64,70,1.0,35,62,43,28
60,2018-02-04 12:00:00,上海,青浦淀山湖,78,良,细颗粒物(PM2.5),57,68,0.7,26,75,47,21
61,2018-02-04 13:00:00,上海,青浦淀山湖,65,良,细颗粒物(PM2.5),47,63,0.7,26,80,52,21
62,2018-02-04 14:00:00,上海,青浦淀山湖,74,良,细颗粒物(PM2.5),54,65,0.7,29,80,57,20
63,2018-02-04 15:00:00,上海,青浦淀山湖,75,良,细颗粒物(PM2.5),55,68,0.8,34,78,63,20
64,2018-02-04 16:00:00,上海,青浦淀山湖,75,良,细颗粒物(PM2.5),55,74,0.8,38,76,68,20
65,2018-02-04 17:00:00,上海,青浦淀山湖,68,良,细颗粒物(PM2.5),49,69,0.7,31,80,73,18
66,2018-02-04 18:00:00,上海,青浦淀山湖,59,良,细颗粒物(PM2.5),42,60,0.7,30,78,76,16
67,2018-02-04 19:00:00,上海,青浦淀山湖,65,良,细颗粒物(PM2.5),47,60,0.7,30,75,78,15
68,2018-02-04 20:00:00,上海,青浦淀山湖,67,良,细颗粒物(PM2.5),48,62,0.7,35,66,77,15
69,2018-02-04 21:00:00,上海,青浦淀山湖,78,良,细颗粒物(PM2.5),57,62,0.8,32,67,75,16
70,2018-02-04 22:00:00,上海,青浦淀山湖,67,良,细颗粒物(PM2.5),48,54,0.7,30,64,73,13
71,2018-02-04 23:00:00,上海,青浦淀山湖,59,良,细颗粒物(PM2.5),42,44,0.6,30,62,71,12
72,2018-02-05 00:00:00,上海,青浦淀山湖,59,良,细颗粒物(PM2.5),42,44,0.6,32,57,69,13
73,2018-02-05 01:00:00,上海,青浦淀山湖,62,良,细颗粒物(PM2.5),44,44,0.7,33,52,52,13
74,2018-02-05 02:00:00,上海,青浦淀山湖,64,良,细颗粒物(PM2.5),46,46,0.7,37,50,51,14
75,2018-02-05 03:00:00,上海,青浦淀山湖,67,良,细颗粒物(PM2.5),48,51,0.7,42,43,48,16
76,2018-02-05 04:00:00,上海,青浦淀山湖,68,良,细颗粒物(PM2.5),49,51,0.7,42,42,47,18
77,2018-02-05 05:00:00,上海,青浦淀山湖,69,良,细颗粒物(PM2.5),50,55,0.9,67,20,41,22
78,2018-02-05 06:00:00,上海,青浦淀山湖,73,良,细颗粒物(PM2.5),53,62,0.9,69,16,37,20
79,2018-02-05 07:00:00,上海,青浦淀山湖,77,良,细颗粒物(PM2.5),56,69,0.9,63,17,34,25
80,2018-02-05 08:00:00,上海,青浦淀山湖,93,良,细颗粒物(PM2.5),69,79,1.1,69,16,32,24
81,2018-02-05 09:00:00,上海,青浦淀山湖,98,良,细颗粒物(PM2.5),73,85,1.2,56,28,29,23
82,2018-02-05 10:00:00,上海,青浦淀山湖,100,良,细颗粒物(PM2.5),75,84,1.1,47,44,28,27
83,2018-02-05 11:00:00,上海,青浦淀山湖,94,良,细颗粒物(PM2.5),70,81,1.1,41,59,30,25
84,2018-02-05 12:00:00,上海,青浦淀山湖,88,良,细颗粒物(PM2.5),65,80,1.0,40,65,33,21
85,2018-02-05 13:00:00,上海,青浦淀山湖,85,良,细颗粒物(PM2.5),63,78,0.9,35,77,40,20
86,2018-02-05 14:00:00,上海,青浦淀山湖,85,良,细颗粒物(PM2.5),63,76,0.8,33,84,49,19
87,2018-02-05 18:00:00,上海,青浦淀山湖,88,良,细颗粒物(PM2.5),65,75,0.8,35,90,82,18
88,2018-02-05 19:00:00,上海,青浦淀山湖,87,良,细颗粒物(PM2.5),64,74,0.8,51,65,83,17
89,2018-02-05 20:00:00,上海,青浦淀山湖,89,良,细颗粒物(PM2.5),66,77,0.8,76,33,79,18
90,2018-02-05 21:00:00,上海,青浦淀山湖,98,良,细颗粒物(PM2.5),73,82,0.9,64,42,74,19
91,2018-02-05 22:00:00,上海,青浦淀山湖,100,良,细颗粒物(PM2.5),75,83,0.9,82,25,67,19
92,2018-02-05 23:00:00,上海,青浦淀山湖,89,良,细颗粒物(PM2.5),66,72,0.8,71,32,60,17
93,2018-02-06 00:00:00,上海,青浦淀山湖,83,良,细颗粒物(PM2.5),61,63,0.9,67,34,52,18
94,2018-02-06 01:00:00,上海,青浦淀山湖,82,良,细颗粒物(PM2.5),60,64,0.8,53,44,44,19
95,2018-02-06 02:00:00,上海,青浦淀山湖,87,良,细颗粒物(PM2.5),64,64,1.0,73,26,35,21
96,2018-02-06 03:00:00,上海,青浦淀山湖,98,良,细颗粒物(PM2.5),73,78,1.2,88,12,27,25
97,2018-02-06 04:00:00,上海,青浦淀山湖,107,轻度污染,细颗粒物(PM2.5),80,87,1.1,70,22,26,20
98,2018-02-06 05:00:00,上海,青浦淀山湖,98,良,细颗粒物(PM2.5),73,73,0.9,50,36,28,16
99,2018-02-06 06:00:00,上海,青浦淀山湖,82,良,细颗粒物(PM2.5),60,61,0.8,36,47,31,14
100,2018-02-06 07:00:00,上海,青浦淀山湖,69,良,细颗粒物(PM2.5),50,51,0.8,35,45,33,14
101,2018-02-06 08:00:00,上海,青浦淀山湖,65,良,细颗粒物(PM2.5),47,51,0.6,28,54,36,14
102,2018-02-06 09:00:00,上海,青浦淀山湖,45,优,细颗粒物(PM2.5),31,51,0.5,18,67,39,13
103,2018-02-06 10:00:00,上海,青浦淀山湖,35,优,细颗粒物(PM2.5),24,26,0.5,20,68,44,12
104,2018-02-06 11:00:00,上海,青浦淀山湖,45,优,细颗粒物(PM2.5),31,37,0.6,29,61,50,15
105,2018-02-06 12:00:00,上海,青浦淀山湖,45,优,细颗粒物(PM2.5),31,42,0.7,26,69,56,15
106,2018-02-06 15:00:00,上海,青浦淀山湖,46,优,细颗粒物(PM2.5),32,36,0.5,22,83,70,12
107,2018-02-06 16:00:00,上海,青浦淀山湖,29,优,细颗粒物(PM2.5),20,27,0.5,23,81,74,11
108,2018-02-06 17:00:00,上海,青浦淀山湖,40,优,细颗粒物(PM2.5),28,31,0.7,29,74,74,14
109,2018-02-06 18:00:00,上海,青浦淀山湖,48,优,细颗粒物(PM2.5),33,38,0.7,36,65,74,14
110,2018-02-06 19:00:00,上海,青浦淀山湖,36,优,细颗粒物(PM2.5),25,31,0.7,32,62,74,10
111,2018-02-06 20:00:00,上海,青浦淀山湖,40,优,细颗粒物(PM2.5),26,40,0.6,68,22,68,12
112,2018-02-06 21:00:00,上海,青浦淀山湖,52,良,颗粒物(PM10),32,53,0.6,83,5,59,11
113,2018-02-06 22:00:00,上海,青浦淀山湖,55,良,颗粒物(PM10),37,60,0.7,81,7,50,11
114,2018-02-06 23:00:00,上海,青浦淀山湖,55,良,颗粒物(PM10),38,59,0.6,76,6,40,10
115,2018-02-07 00:00:00,上海,青浦淀山湖,50,优,颗粒物(PM10),30,50,0.7,74,5,31,9
116,2018-02-07 01:00:00,上海,青浦淀山湖,45,优,颗粒物(PM10),29,45,0.7,69,5,5,10
117,2018-02-07 02:00:00,上海,青浦淀山湖,49,优,颗粒物(PM10),34,41,0.7,69,4,4,10
118,2018-02-07 03:00:00,上海,青浦淀山湖,43,优,颗粒物(PM10),30,35,0.7,65,4,4,9
119,2018-02-07 04:00:00,上海,青浦淀山湖,38,优,颗粒物(PM10),26,34,0.7,57,4,4,8
120,2018-02-07 05:00:00,上海,青浦淀山湖,42,优,颗粒物(PM10),29,33,0.6,59,4,4,9
121,2018-02-07 06:00:00,上海,青浦淀山湖,40,优,颗粒物(PM10),28,33,0.6,58,4,4,8
122,2018-02-07 07:00:00,上海,青浦淀山湖,45,优,颗粒物(PM10),31,39,0.6,56,4,4,8
123,2018-02-07 08:00:00,上海,青浦淀山湖,50,优,颗粒物(PM10),35,35,0.6,57,7,4,9
124,2018-02-07 09:00:00,上海,青浦淀山湖,50,优,颗粒物(PM10),35,35,0.6,56,15,6,11
125,2018-02-07 10:00:00,上海,青浦淀山湖,40,优,颗粒物(PM10),28,33,0.6,49,35,10,10
126,2018-02-07 11:00:00,上海,青浦淀山湖,32,优,颗粒物(PM10),22,24,0.5,35,58,16,10
127,2018-02-07 19:00:00,上海,青浦淀山湖,102,轻度污染,细颗粒物(PM2.5),76,81,0.9,77,28,69,13
128,2018-02-07 20:00:00,上海,青浦淀山湖,102,轻度污染,细颗粒物(PM2.5),76,80,1.0,80,20,64,13
129,2018-02-07 21:00:00,上海,青浦淀山湖,103,轻度污染,细颗粒物(PM2.5),77,78,1.0,80,17,56,13
130,2018-02-07 22:00:00,上海,青浦淀山湖,98,良,细颗粒物(PM2.5),73,73,1.0,85,9,47,13
131,2018-02-07 23:00:00,上海,青浦淀山湖,98,良,细颗粒物(PM2.5),73,73,1.0,89,7,36,13
132,2018-02-08 01:00:00,上海,青浦淀山湖,120,轻度污染,细颗粒物(PM2.5),91,92,1.1,93,6,6,18
133,2018-02-08 02:00:00,上海,青浦淀山湖,124,轻度污染,细颗粒物(PM2.5),94,104,1.2,92,5,6,19
134,2018-02-08 03:00:00,上海,青浦淀山湖,128,轻度污染,细颗粒物(PM2.5),97,104,1.3,83,8,6,19
135,2018-02-08 04:00:00,上海,青浦淀山湖,155,中度污染,细颗粒物(PM2.5),118,119,1.4,84,7,6,22
136,2018-02-08 05:00:00,上海,青浦淀山湖,170,中度污染,细颗粒物(PM2.5),129,119,1.6,64,17,9,21
137,2018-02-08 06:00:00,上海,青浦淀山湖,169,中度污染,细颗粒物(PM2.5),128,119,1.5,57,17,10,21
138,2018-02-08 07:00:00,上海,青浦淀山湖,160,中度污染,细颗粒物(PM2.5),122,119,1.4,50,18,11,18
139,2018-02-08 08:00:00,上海,青浦淀山湖,155,中度污染,细颗粒物(PM2.5),118,119,1.4,48,18,12,18
140,2018-02-08 09:00:00,上海,青浦淀山湖,165,中度污染,细颗粒物(PM2.5),125,119,1.3,42,28,15,17
141,2018-02-08 10:00:00,上海,青浦淀山湖,170,中度污染,细颗粒物(PM2.5),129,119,1.3,43,36,19,17
142,2018-02-08 14:00:00,上海,青浦淀山湖,143,轻度污染,细颗粒物(PM2.5),109,119,1.4,40,87,47,21
143,2018-02-08 17:00:00,上海,青浦淀山湖,124,轻度污染,细颗粒物(PM2.5),94,119,1.2,47,87,73,18
144,2018-02-08 18:00:00,上海,青浦淀山湖,118,轻度污染,细颗粒物(PM2.5),89,119,1.2,60,69,77,18
145,2018-02-08 19:00:00,上海,青浦淀山湖,123,轻度污染,细颗粒物(PM2.5),93,119,1.4,88,35,76,19
146,2018-02-08 20:00:00,上海,青浦淀山湖,127,轻度污染,细颗粒物(PM2.5),96,106,1.4,88,25,71,16
147,2018-02-08 21:00:00,上海,青浦淀山湖,153,中度污染,细颗粒物(PM2.5),117,126,1.2,59,51,68,12
148,2018-02-08 22:00:00,上海,青浦淀山湖,153,中度污染,细颗粒物(PM2.5),117,126,1.0,47,65,65,13
149,2018-02-08 23:00:00,上海,青浦淀山湖,128,轻度污染,细颗粒物(PM2.5),97,126,1.0,41,71,62,12
150,2018-02-09 00:00:00,上海,青浦淀山湖,119,轻度污染,细颗粒物(PM2.5),90,126,1.0,35,75,60,12
151,2018-02-09 01:00:00,上海,青浦淀山湖,119,轻度污染,细颗粒物(PM2.5),90,126,1.0,40,65,65,11
152,2018-02-09 02:00:00,上海,青浦淀山湖,117,轻度污染,细颗粒物(PM2.5),88,126,1.0,37,64,64,11
153,2018-02-09 03:00:00,上海,青浦淀山湖,117,轻度污染,细颗粒物(PM2.5),88,126,1.0,39,57,62,11
154,2018-02-09 04:00:00,上海,青浦淀山湖,115,轻度污染,细颗粒物(PM2.5),87,126,0.9,40,53,60,11
155,2018-02-09 05:00:00,上海,青浦淀山湖,114,轻度污染,细颗粒物(PM2.5),86,126,0.9,40,53,58,11
156,2018-02-09 06:00:00,上海,青浦淀山湖,108,轻度污染,细颗粒物(PM2.5),81,126,0.9,40,52,57,11
157,2018-02-09 07:00:00,上海,青浦淀山湖,102,轻度污染,细颗粒物(PM2.5),76,126,0.9,39,52,57,12
158,2018-02-09 08:00:00,上海,青浦淀山湖,113,轻度污染,细颗粒物(PM2.5),85,126,1.0,52,41,55,14
159,2018-02-09 09:00:00,上海,青浦淀山湖,119,轻度污染,细颗粒物(PM2.5),90,126,1.1,52,45,52,16
160,2018-02-09 10:00:00,上海,青浦淀山湖,119,轻度污染,细颗粒物(PM2.5),90,126,1.0,43,67,52,17
161,2018-02-09 12:00:00,上海,青浦淀山湖,105,轻度污染,细颗粒物(PM2.5),79,86,1.0,36,88,61,17
162,2018-02-09 13:00:00,上海,青浦淀山湖,105,轻度污染,细颗粒物(PM2.5),79,86,0.8,31,88,62,14
163,2018-02-09 14:00:00,上海,青浦淀山湖,102,轻度污染,细颗粒物(PM2.5),76,86,0.7,40,103,69,14
164,2018-02-09 15:00:00,上海,青浦淀山湖,103,轻度污染,细颗粒物(PM2.5),77,86,0.8,36,103,76,14
165,2018-02-09 16:00:00,上海,青浦淀山湖,108,轻度污染,细颗粒物(PM2.5),81,86,0.8,41,90,83,14
166,2018-02-09 17:00:00,上海,青浦淀山湖,113,轻度污染,细颗粒物(PM2.5),85,86,0.8,54,64,86,12
167,2018-02-09 18:00:00,上海,青浦淀山湖,114,轻度污染,细颗粒物(PM2.5),86,86,0.9,88,24,80,12
168,2018-02-09 19:00:00,上海,青浦淀山湖,135,轻度污染,细颗粒物(PM2.5),103,86,1.0,92,7,68,12
169,2018-02-09 20:00:00,上海,青浦淀山湖,138,轻度污染,细颗粒物(PM2.5),105,86,1.0,83,7,57,11
170,2018-02-09 21:00:00,上海,青浦淀山湖,143,轻度污染,细颗粒物(PM2.5),109,86,1.0,74,8,51,10
171,2018-02-09 22:00:00,上海,青浦淀山湖,145,轻度污染,细颗粒物(PM2.5),111,86,1.0,67,11,39,10
172,2018-02-09 23:00:00,上海,青浦淀山湖,143,轻度污染,细颗粒物(PM2.5),109,86,1.0,64,9,28,10
173,2018-02-10 00:00:00,上海,青浦淀山湖,145,轻度污染,细颗粒物(PM2.5),111,86,1.0,66,7,17,10
174,2018-02-10 01:00:00,上海,青浦淀山湖,144,轻度污染,细颗粒物(PM2.5),110,86,1.0,59,15,15,9
175,2018-02-10 02:00:00,上海,青浦淀山湖,147,轻度污染,细颗粒物(PM2.5),112,86,1.0,55,11,13,9
176,2018-02-10 03:00:00,上海,青浦淀山湖,150,轻度污染,细颗粒物(PM2.5),115,86,1.0,64,6,11,9
177,2018-02-10 04:00:00,上海,青浦淀山湖,149,轻度污染,细颗粒物(PM2.5),114,86,1.0,68,4,9,10
178,2018-02-10 05:00:00,上海,青浦淀山湖,142,轻度污染,细颗粒物(PM2.5),108,86,1.1,67,4,8,10
179,2018-02-10 06:00:00,上海,青浦淀山湖,153,中度污染,细颗粒物(PM2.5),117,86,1.5,79,6,8,13
180,2018-02-10 08:00:00,上海,青浦淀山湖,203,重度污染,细颗粒物(PM2.5),153,86,1.0,37,53,14,14
181,2018-02-10 09:00:00,上海,青浦淀山湖,114,轻度污染,细颗粒物(PM2.5),86,86,0.7,21,78,22,10
182,2018-02-10 10:00:00,上海,青浦淀山湖,84,良,细颗粒物(PM2.5),62,86,0.7,23,84,31,11
183,2018-02-10 11:00:00,上海,青浦淀山湖,87,良,细颗粒物(PM2.5),64,86,0.8,22,96,42,13
184,2018-02-10 12:00:00,上海,青浦淀山湖,107,轻度污染,细颗粒物(PM2.5),80,86,1.0,27,87,53,15
185,2018-02-10 13:00:00,上海,青浦淀山湖,134,轻度污染,细颗粒物(PM2.5),102,121,1.0,23,81,62,13
186,2018-02-10 14:00:00,上海,青浦淀山湖,115,轻度污染,细颗粒物(PM2.5),87,138,0.9,23,81,72,12
187,2018-02-10 15:00:00,上海,青浦淀山湖,83,良,颗粒物(PM10),60,116,0.7,23,81,80,11
188,2018-02-10 16:00:00,上海,青浦淀山湖,80,良,颗粒物(PM10),46,109,0.6,20,80,84,10
189,2018-02-10 17:00:00,上海,青浦淀山湖,79,良,颗粒物(PM10),32,107,0.5,17,81,84,9
190,2018-02-10 18:00:00,上海,青浦淀山湖,76,良,颗粒物(PM10),26,102,0.5,19,76,83,9
191,2018-02-10 19:00:00,上海,青浦淀山湖,71,良,颗粒物(PM10),27,91,0.5,20,72,80,9
192,2018-02-10 20:00:00,上海,青浦淀山湖,68,良,颗粒物(PM10),25,85,0.5,23,67,77,9
193,2018-02-10 21:00:00,上海,青浦淀山湖,66,良,颗粒物(PM10),27,81,0.5,24,60,75,9
194,2018-02-10 22:00:00,上海,青浦淀山湖,65,良,颗粒物(PM10),29,79,0.6,28,55,72,9
195,2018-02-10 23:00:00,上海,青浦淀山湖,64,良,颗粒物(PM10),30,78,0.6,26,58,69,10
196,2018-02-11 00:00:00,上海,青浦淀山湖,62,良,颗粒物(PM10),27,74,0.6,26,60,66,10
197,2018-02-11 01:00:00,上海,青浦淀山湖,63,良,颗粒物(PM10),24,76,0.6,28,53,53,10
198,2018-02-11 02:00:00,上海,青浦淀山湖,63,良,颗粒物(PM10),29,75,0.6,26,55,54,10
199,2018-02-11 03:00:00,上海,青浦淀山湖,61,良,颗粒物(PM10),29,72,0.6,22,58,55,10
200,2018-02-11 04:00:00,上海,青浦淀山湖,60,良,颗粒物(PM10),26,69,0.6,22,57,56,10
201,2018-02-11 05:00:00,上海,青浦淀山湖,59,良,颗粒物(PM10),27,67,0.6,30,45,54,10
202,2018-02-11 06:00:00,上海,青浦淀山湖,58,良,颗粒物(PM10),23,66,0.6,57,13,47,10
203,2018-02-11 07:00:00,上海,青浦淀山湖,59,良,颗粒物(PM10),22,67,0.7,47,21,43,10
204,2018-02-11 08:00:00,上海,青浦淀山湖,61,良,颗粒物(PM10),27,71,0.6,41,37,42,13
205,2018-02-11 09:00:00,上海,青浦淀山湖,68,良,颗粒物(PM10),35,85,0.6,42,38,40,12
206,2018-02-11 10:00:00,上海,青浦淀山湖,71,良,颗粒物(PM10),35,92,0.7,22,64,42,12
207,2018-02-11 11:00:00,上海,青浦淀山湖,77,良,颗粒物(PM10),36,104,0.7,23,67,43,15
208,2018-02-11 12:00:00,上海,青浦淀山湖,80,良,颗粒物(PM10),42,110,0.8,26,73,45,16
209,2018-02-11 13:00:00,上海,青浦淀山湖,88,良,颗粒物(PM10),49,125,0.7,24,87,50,16
210,2018-02-11 14:00:00,上海,青浦淀山湖,98,良,颗粒物(PM10),51,145,0.7,24,98,61,18
211,2018-02-11 15:00:00,上海,青浦淀山湖,101,轻度污染,颗粒物(PM10),52,151,0.6,19,110,72,15
212,2018-02-11 16:00:00,上海,青浦淀山湖,113,轻度污染,颗粒物(PM10),57,176,0.6,22,116,82,14
213,2018-02-11 17:00:00,上海,青浦淀山湖,125,轻度污染,颗粒物(PM10),61,200,0.6,27,111,91,14
214,2018-02-11 18:00:00,上海,青浦淀山湖,135,轻度污染,颗粒物(PM10),71,220,0.7,24,112,97,15
215,2018-02-11 19:00:00,上海,青浦淀山湖,136,轻度污染,颗粒物(PM10),80,221,0.7,28,103,101,15
216,2018-02-11 20:00:00,上海,青浦淀山湖,135,轻度污染,颗粒物(PM10),74,220,0.8,30,94,104,14
217,2018-02-11 21:00:00,上海,青浦淀山湖,131,轻度污染,颗粒物(PM10),74,211,0.8,28,90,104,14
218,2018-02-11 22:00:00,上海,青浦淀山湖,128,轻度污染,颗粒物(PM10),73,206,0.8,32,83,102,13
219,2018-02-11 23:00:00,上海,青浦淀山湖,125,轻度污染,颗粒物(PM10),70,199,0.8,25,91,100,13
220,2018-02-12 00:00:00,上海,青浦淀山湖,120,轻度污染,颗粒物(PM10),66,190,0.7,24,86,96,15
221,2018-02-12 01:00:00,上海,青浦淀山湖,127,轻度污染,颗粒物(PM10),55,203,0.7,23,75,75,15
222,2018-02-12 02:00:00,上海,青浦淀山湖,123,轻度污染,颗粒物(PM10),49,196,0.6,16,77,76,17
223,2018-02-12 03:00:00,上海,青浦淀山湖,114,轻度污染,颗粒物(PM10),39,177,0.6,17,72,75,17
224,2018-02-12 04:00:00,上海,青浦淀山湖,100,良,颗粒物(PM10),35,150,0.6,18,71,74,17
225,2018-02-12 05:00:00,上海,青浦淀山湖,89,良,颗粒物(PM10),33,127,0.6,16,71,73,15
226,2018-02-12 06:00:00,上海,青浦淀山湖,82,良,颗粒物(PM10),29,113,0.6,16,72,73,14
227,2018-02-12 07:00:00,上海,青浦淀山湖,79,良,颗粒物(PM10),31,107,0.6,17,71,73,15
228,2018-02-12 08:00:00,上海,青浦淀山湖,79,良,颗粒物(PM10),29,107,0.7,25,65,72,16
229,2018-02-12 09:00:00,上海,青浦淀山湖,78,良,颗粒物(PM10),26,106,0.6,20,73,72,15
230,2018-02-12 10:00:00,上海,青浦淀山湖,72,良,颗粒物(PM10),23,93,0.6,16,80,72,15
231,2018-02-12 12:00:00,上海,青浦淀山湖,80,良,颗粒物(PM10),28,109,0.6,16,88,75,15
232,2018-02-12 13:00:00,上海,青浦淀山湖,106,轻度污染,颗粒物(PM10),35,161,0.5,16,92,78,17
233,2018-02-12 14:00:00,上海,青浦淀山湖,115,轻度污染,颗粒物(PM10),43,179,0.6,19,92,79,19
234,2018-02-12 15:00:00,上海,青浦淀山湖,108,轻度污染,颗粒物(PM10),45,166,0.6,15,92,80,15
235,2018-02-12 16:00:00,上海,青浦淀山湖,88,良,颗粒物(PM10),33,125,0.6,16,95,85,13
236,2018-02-12 17:00:00,上海,青浦淀山湖,75,良,颗粒物(PM10),21,99,0.5,23,87,88,14
237,2018-02-12 18:00:00,上海,青浦淀山湖,66,良,颗粒物(PM10),24,82,0.5,21,88,89,13
238,2018-02-12 19:00:00,上海,青浦淀山湖,63,良,颗粒物(PM10),29,75,0.5,17,87,90,11
239,2018-02-12 20:00:00,上海,青浦淀山湖,60,良,颗粒物(PM10),22,70,0.5,21,76,88,10
240,2018-02-12 21:00:00,上海,青浦淀山湖,58,良,颗粒物(PM10),24,65,0.5,27,66,83,11
241,2018-02-12 22:00:00,上海,青浦淀山湖,55,良,颗粒物(PM10),25,59,0.5,36,53,79,11
242,2018-02-12 23:00:00,上海,青浦淀山湖,54,良,颗粒物(PM10),22,57,0.5,38,48,75,10
243,2018-02-13 00:00:00,上海,青浦淀山湖,51,良,颗粒物(PM10),25,52,0.5,42,44,69,10
244,2018-02-13 01:00:00,上海,青浦淀山湖,47,优,颗粒物(PM10),27,47,0.5,37,46,46,12
245,2018-02-13 02:00:00,上海,青浦淀山湖,49,优,颗粒物(PM10),23,49,0.5,40,29,38,10
246,2018-02-13 03:00:00,上海,青浦淀山湖,48,优,颗粒物(PM10),27,48,0.5,37,28,34,9
247,2018-02-13 04:00:00,上海,青浦淀山湖,42,优,颗粒物(PM10),27,42,0.5,32,48,38,11
248,2018-02-13 05:00:00,上海,青浦淀山湖,48,优,颗粒物(PM10),30,48,0.5,37,33,37,10
249,2018-02-13 06:00:00,上海,青浦淀山湖,48,优,颗粒物(PM10),33,47,0.6,46,10,32,10
250,2018-02-13 07:00:00,上海,青浦淀山湖,50,优,颗粒物(PM10),34,50,0.7,44,7,29,9
251,2018-02-13 09:00:00,上海,青浦淀山湖,69,良,细颗粒物(PM2.5),50,70,0.7,40,41,26,24
252,2018-02-13 10:00:00,上海,青浦淀山湖,67,良,颗粒物(PM10),50,83,0.7,30,41,26,32
253,2018-02-13 11:00:00,上海,青浦淀山湖,58,良,颗粒物(PM10),50,66,0.7,22,90,35,32
254,2018-02-13 12:00:00,上海,青浦淀山湖,40,优,颗粒物(PM10),28,66,0.5,15,107,43,32
255,2018-02-13 13:00:00,上海,青浦淀山湖,54,良,细颗粒物(PM2.5),38,66,0.5,15,116,55,12
256,2018-02-13 15:00:00,上海,青浦淀山湖,51,良,颗粒物(PM10),34,51,0.5,15,124,88,11
257,2018-02-13 16:00:00,上海,青浦淀山湖,54,良,颗粒物(PM10),30,57,0.5,14,124,104,10
258,2018-02-13 17:00:00,上海,青浦淀山湖,52,良,颗粒物(PM10),30,53,0.4,18,121,115,10
259,2018-02-13 18:00:00,上海,青浦淀山湖,56,良,颗粒物(PM10),31,61,0.5,26,116,115,12
260,2018-02-13 19:00:00,上海,青浦淀山湖,56,良,颗粒物(PM10),37,62,0.5,30,106,117,11
261,2018-02-13 20:00:00,上海,青浦淀山湖,58,良,细颗粒物(PM2.5),41,60,0.5,34,89,115,10
262,2018-02-13 21:00:00,上海,青浦淀山湖,56,良,颗粒物(PM10),36,61,0.5,27,91,112,10
263,2018-02-13 22:00:00,上海,青浦淀山湖,57,良,颗粒物(PM10),35,64,0.5,25,88,107,9
264,2018-02-13 23:00:00,上海,青浦淀山湖,59,良,颗粒物(PM10),36,67,0.6,30,76,101,9
265,2018-02-14 00:00:00,上海,青浦淀山湖,60,良,颗粒物(PM10),40,70,0.6,27,73,95,9
266,2018-02-14 01:00:00,上海,青浦淀山湖,60,良,颗粒物(PM10),40,70,0.5,25,71,71,9
267,2018-02-14 02:00:00,上海,青浦淀山湖,60,良,颗粒物(PM10),39,69,0.5,22,74,72,9
268,2018-02-14 03:00:00,上海,青浦淀山湖,58,良,颗粒物(PM10),37,66,0.5,22,72,72,8
269,2018-02-14 04:00:00,上海,青浦淀山湖,57,良,颗粒物(PM10),38,64,0.5,20,72,72,9
270,2018-02-14 05:00:00,上海,青浦淀山湖,56,良,颗粒物(PM10),34,62,0.6,28,57,69,8
271,2018-02-14 06:00:00,上海,青浦淀山湖,56,良,颗粒物(PM10),38,62,0.6,31,50,66,8
272,2018-02-14 07:00:00,上海,青浦淀山湖,58,良,颗粒物(PM10),37,65,0.6,34,46,63,8
273,2018-02-14 08:00:00,上海,青浦淀山湖,63,良,细颗粒物(PM2.5),45,72,0.7,38,46,61,9
274,2018-02-14 09:00:00,上海,青浦淀山湖,66,良,颗粒物(PM10),47,82,0.6,27,62,60,10
275,2018-02-14 10:00:00,上海,青浦淀山湖,73,良,颗粒物(PM10),47,95,0.7,22,85,61,11
276,2018-02-14 11:00:00,上海,青浦淀山湖,77,良,细颗粒物(PM2.5),56,93,0.7,22,105,65,11
277,2018-02-14 12:00:00,上海,青浦淀山湖,74,良,细颗粒物(PM2.5),54,86,0.7,18,113,70,11
278,2018-02-14 13:00:00,上海,青浦淀山湖,70,良,细颗粒物(PM2.5),51,87,0.7,19,123,79,11
279,2018-02-14 14:00:00,上海,青浦淀山湖,77,良,细颗粒物(PM2.5),56,91,0.7,22,124,88,12
280,2018-02-14 15:00:00,上海,青浦淀山湖,83,良,细颗粒物(PM2.5),61,90,0.7,27,109,96,11
281,2018-02-14 17:00:00,上海,青浦淀山湖,79,良,细颗粒物(PM2.5),58,102,0.9,30,104,110,13
282,2018-02-14 18:00:00,上海,青浦淀山湖,80,良,细颗粒物(PM2.5),59,102,0.8,35,82,110,11
283,2018-02-14 19:00:00,上海,青浦淀山湖,84,良,细颗粒物(PM2.5),62,101,0.8,44,67,105,11
284,2018-02-14 20:00:00,上海,青浦淀山湖,88,良,细颗粒物(PM2.5),65,103,0.8,52,56,98,11
285,2018-02-14 21:00:00,上海,青浦淀山湖,82,良,细颗粒物(PM2.5),60,100,0.8,42,65,91,11
286,2018-02-14 22:00:00,上海,青浦淀山湖,80,良,细颗粒物(PM2.5),59,95,0.8,43,60,83,10
287,2018-02-14 23:00:00,上海,青浦淀山湖,77,良,细颗粒物(PM2.5),56,95,1.0,44,51,75,10
288,2018-02-15 02:00:00,上海,青浦淀山湖,87,良,细颗粒物(PM2.5),64,99,0.9,62,24,26,10
289,2018-02-15 03:00:00,上海,青浦淀山湖,94,良,细颗粒物(PM2.5),70,93,0.6,29,72,42,12
290,2018-02-15 04:00:00,上海,青浦淀山湖,75,良,细颗粒物(PM2.5),55,68,0.5,28,59,46,12
291,2018-02-15 05:00:00,上海,青浦淀山湖,85,良,细颗粒物(PM2.5),63,65,0.7,36,43,45,14
292,2018-02-15 06:00:00,上海,青浦淀山湖,83,良,细颗粒物(PM2.5),61,69,1.1,33,51,46,16
293,2018-02-15 07:00:00,上海,青浦淀山湖,83,良,细颗粒物(PM2.5),61,79,1.1,25,68,49,14
294,2018-02-15 08:00:00,上海,青浦淀山湖,88,良,细颗粒物(PM2.5),65,89,1.2,22,75,53,11
295,2018-02-15 09:00:00,上海,青浦淀山湖,78,良,细颗粒物(PM2.5),57,83,1.0,20,82,59,10
296,2018-02-15 10:00:00,上海,青浦淀山湖,62,良,细颗粒物(PM2.5),44,64,1.0,21,78,66,10
297,2018-02-15 11:00:00,上海,青浦淀山湖,53,良,颗粒物(PM10),35,55,1.0,22,80,67,11
298,2018-02-15 12:00:00,上海,青浦淀山湖,57,良,细颗粒物(PM2.5),40,57,1.2,25,79,70,14
299,2018-02-15 14:00:00,上海,青浦淀山湖,64,良,细颗粒物(PM2.5),46,66,0.9,21,80,78,11
300,2018-02-15 15:00:00,上海,青浦淀山湖,54,良,颗粒物(PM10),37,57,0.7,18,83,80,9
301,2018-02-15 16:00:00,上海,青浦淀山湖,54,良,细颗粒物(PM2.5),38,56,0.6,15,86,81,8
302,2018-02-15 17:00:00,上海,青浦淀山湖,51,良,颗粒物(PM10),35,52,0.8,20,79,80,11
303,2018-02-15 18:00:00,上海,青浦淀山湖,50,优,颗粒物(PM10),28,50,0.9,22,73,80,13
304,2018-02-15 19:00:00,上海,青浦淀山湖,50,优,颗粒物(PM10),26,50,0.5,15,82,80,9
305,2018-02-15 20:00:00,上海,青浦淀山湖,44,优,颗粒物(PM10),21,44,0.5,12,83,81,8
306,2018-02-15 22:00:00,上海,青浦淀山湖,32,优,颗粒物(PM10),22,32,0.4,14,84,82,8
307,2018-02-15 23:00:00,上海,青浦淀山湖,32,优,颗粒物(PM10),19,32,0.4,12,83,82,7
308,2018-02-16 01:00:00,上海,青浦淀山湖,33,优,颗粒物(PM10),18,33,0.5,13,76,76,8
309,2018-02-16 02:00:00,上海,青浦淀山湖,45,优,颗粒物(PM10),31,39,0.6,15,68,72,8
310,2018-02-16 03:00:00,上海,青浦淀山湖,43,优,颗粒物(PM10),30,37,0.6,14,64,69,7
311,2018-02-16 04:00:00,上海,青浦淀山湖,39,优,颗粒物(PM10),27,29,0.6,14,68,69,8
312,2018-02-16 05:00:00,上海,青浦淀山湖,30,优,颗粒物(PM10),21,24,0.5,12,74,70,7
313,2018-02-16 06:00:00,上海,青浦淀山湖,25,优,颗粒物(PM10),17,17,0.5,11,75,71,7
314,2018-02-16 07:00:00,上海,青浦淀山湖,22,优,颗粒物(PM10),15,17,0.5,12,68,70,7
315,2018-02-16 08:00:00,上海,青浦淀山湖,28,优,颗粒物(PM10),19,19,0.6,14,68,70,7
316,2018-02-16 09:00:00,上海,青浦淀山湖,32,优,颗粒物(PM10),22,19,0.5,13,69,69,7
317,2018-02-16 10:00:00,上海,青浦淀山湖,22,优,颗粒物(PM10),13,17,0.5,14,69,69,7
318,2018-02-16 11:00:00,上海,青浦淀山湖,28,优,颗粒物(PM10),19,17,0.5,15,72,70,7
319,2018-02-16 12:00:00,上海,青浦淀山湖,29,优,颗粒物(PM10),20,17,0.6,14,78,72,8
320,2018-02-16 14:00:00,上海,青浦淀山湖,36,优,颗粒物(PM10),25,17,0.5,12,80,72,7
321,2018-02-16 15:00:00,上海,青浦淀山湖,35,优,颗粒物(PM10),24,17,0.5,13,80,74,7
322,2018-02-16 16:00:00,上海,青浦淀山湖,36,优,颗粒物(PM10),25,17,0.6,15,73,74,7
323,2018-02-16 17:00:00,上海,青浦淀山湖,50,优,颗粒物(PM10),35,36,0.6,20,65,74,7
324,2018-02-16 18:00:00,上海,青浦淀山湖,54,良,细颗粒物(PM2.5),38,36,0.6,17,69,74,7
325,2018-02-16 19:00:00,上海,青浦淀山湖,58,良,细颗粒物(PM2.5),41,47,0.6,19,66,73,8
326,2018-02-16 20:00:00,上海,青浦淀山湖,75,良,细颗粒物(PM2.5),55,75,0.6,20,62,71,8
327,2018-02-16 21:00:00,上海,青浦淀山湖,77,良,细颗粒物(PM2.5),56,61,0.7,18,60,69,8
328,2018-02-16 22:00:00,上海,青浦淀山湖,97,良,细颗粒物(PM2.5),72,74,1.6,33,43,65,13
329,2018-02-16 23:00:00,上海,青浦淀山湖,130,轻度污染,细颗粒物(PM2.5),99,105,2.1,47,29,58,17
330,2018-02-17 00:00:00,上海,青浦淀山湖,135,轻度污染,细颗粒物(PM2.5),103,116,2.2,40,37,54,16
331,2018-02-17 01:00:00,上海,青浦淀山湖,113,轻度污染,细颗粒物(PM2.5),85,100,1.4,24,51,51,10
332,2018-02-17 02:00:00,上海,青浦淀山湖,107,轻度污染,细颗粒物(PM2.5),80,91,1.9,34,37,44,14
333,2018-02-17 03:00:00,上海,青浦淀山湖,115,轻度污染,细颗粒物(PM2.5),87,102,2.4,44,23,37,16
334,2018-02-17 04:00:00,上海,青浦淀山湖,117,轻度污染,细颗粒物(PM2.5),88,108,2.3,43,19,32,16
335,2018-02-17 05:00:00,上海,青浦淀山湖,120,轻度污染,细颗粒物(PM2.5),91,111,1.8,34,28,32,10
336,2018-02-17 06:00:00,上海,青浦淀山湖,124,轻度污染,细颗粒物(PM2.5),94,105,1.8,34,20,30,9
337,2018-02-17 07:00:00,上海,青浦淀山湖,118,轻度污染,细颗粒物(PM2.5),89,98,1.6,33,14,27,8
338,2018-02-17 08:00:00,上海,青浦淀山湖,112,轻度污染,细颗粒物(PM2.5),84,107,1.8,28,23,27,10
339,2018-02-17 09:00:00,上海,青浦淀山湖,135,轻度污染,细颗粒物(PM2.5),103,110,1.5,23,36,25,11
340,2018-02-17 10:00:00,上海,青浦淀山湖,105,轻度污染,细颗粒物(PM2.5),79,110,0.7,21,70,29,11
341,2018-02-17 11:00:00,上海,青浦淀山湖,59,良,细颗粒物(PM2.5),42,47,0.6,22,77,36,12
342,2018-02-17 12:00:00,上海,青浦淀山湖,52,良,细颗粒物(PM2.5),36,40,0.6,17,96,46,12
343,2018-02-17 13:00:00,上海,青浦淀山湖,48,优,细颗粒物(PM2.5),33,40,0.5,14,109,56,11
344,2018-02-17 14:00:00,上海,青浦淀山湖,54,良,细颗粒物(PM2.5),38,42,0.6,13,118,68,11
345,2018-02-17 15:00:00,上海,青浦淀山湖,59,良,细颗粒物(PM2.5),42,47,0.6,14,125,82,12
346,2018-02-17 16:00:00,上海,青浦淀山湖,65,良,细颗粒物(PM2.5),47,55,0.6,15,128,95,15
347,2018-02-17 17:00:00,上海,青浦淀山湖,73,良,细颗粒物(PM2.5),53,64,0.7,17,128,106,14
348,2018-02-17 18:00:00,上海,青浦淀山湖,82,良,细颗粒物(PM2.5),60,68,0.7,18,121,113,14
349,2018-02-17 19:00:00,上海,青浦淀山湖,75,良,细颗粒物(PM2.5),55,60,0.7,18,120,118,13
350,2018-02-17 20:00:00,上海,青浦淀山湖,72,良,细颗粒物(PM2.5),52,60,0.7,15,123,122,12
351,2018-02-17 21:00:00,上海,青浦淀山湖,80,良,细颗粒物(PM2.5),59,67,0.8,16,115,122,13
352,2018-02-17 22:00:00,上海,青浦淀山湖,88,良,细颗粒物(PM2.5),65,73,0.7,14,116,122,12
353,2018-02-17 23:00:00,上海,青浦淀山湖,70,良,细颗粒物(PM2.5),51,61,0.6,13,107,120,10
354,2018-02-18 00:00:00,上海,青浦淀山湖,42,优,细颗粒物(PM2.5),29,39,0.5,12,96,116,9
355,2018-02-18 01:00:00,上海,青浦淀山湖,29,优,细颗粒物(PM2.5),19,26,0.5,11,90,90,8
356,2018-02-18 02:00:00,上海,青浦淀山湖,27,优,细颗粒物(PM2.5),14,20,0.4,12,85,88,8
357,2018-02-18 03:00:00,上海,青浦淀山湖,27,优,细颗粒物(PM2.5),14,20,0.5,11,86,87,8
358,2018-02-18 04:00:00,上海,青浦淀山湖,28,优,细颗粒物(PM2.5),15,20,0.5,10,87,87,8
359,2018-02-18 05:00:00,上海,青浦淀山湖,28,优,细颗粒物(PM2.5),14,23,0.5,10,89,87,8
360,2018-02-18 06:00:00,上海,青浦淀山湖,29,优,细颗粒物(PM2.5),14,25,0.5,9,90,88,8
361,2018-02-18 07:00:00,上海,青浦淀山湖,30,优,细颗粒物(PM2.5),15,30,0.5,13,85,87,8
362,2018-02-18 08:00:00,上海,青浦淀山湖,32,优,细颗粒物(PM2.5),19,32,0.5,13,83,87,8
363,2018-02-18 09:00:00,上海,青浦淀山湖,36,优,细颗粒物(PM2.5),25,36,0.5,16,86,86,8
364,2018-02-18 10:00:00,上海,青浦淀山湖,45,优,细颗粒物(PM2.5),31,42,0.6,16,87,87,9
365,2018-02-18 11:00:00,上海,青浦淀山湖,46,优,细颗粒物(PM2.5),29,46,0.6,16,95,88,10
366,2018-02-18 12:00:00,上海,青浦淀山湖,53,良,细颗粒物(PM2.5),37,51,0.7,17,97,89,11
367,2018-02-18 13:00:00,上海,青浦淀山湖,54,良,细颗粒物(PM2.5),38,54,0.6,17,96,90,11
368,2018-02-18 14:00:00,上海,青浦淀山湖,55,良,细颗粒物(PM2.5),39,52,0.6,17,94,90,10
369,2018-02-18 15:00:00,上海,青浦淀山湖,50,优,细颗粒物(PM2.5),32,50,0.6,16,96,92,10
370,2018-02-18 16:00:00,上海,青浦淀山湖,52,良,细颗粒物(PM2.5),36,48,0.6,24,82,92,12
371,2018-02-18 17:00:00,上海,青浦淀山湖,43,优,细颗粒物(PM2.5),27,43,0.6,33,67,89,12
372,2018-02-18 18:00:00,上海,青浦淀山湖,38,优,细颗粒物(PM2.5),22,38,0.5,29,64,86,11
373,2018-02-18 19:00:00,上海,青浦淀山湖,38,优,细颗粒物(PM2.5),26,33,0.5,26,62,82,10
374,2018-02-18 20:00:00,上海,青浦淀山湖,25,优,细颗粒物(PM2.5),17,17,0.5,15,74,79,8
375,2018-02-18 21:00:00,上海,青浦淀山湖,23,优,细颗粒物(PM2.5),13,17,0.5,14,71,76,7
376,2018-02-18 22:00:00,上海,青浦淀山湖,24,优,细颗粒物(PM2.5),10,17,0.5,11,75,74,7
377,2018-02-18 23:00:00,上海,青浦淀山湖,25,优,细颗粒物(PM2.5),12,17,0.4,10,80,72,7
378,2018-02-19 00:00:00,上海,青浦淀山湖,25,优,细颗粒物(PM2.5),14,17,0.5,12,77,71,7
379,2018-02-19 01:00:00,上海,青浦淀山湖,25,优,细颗粒物(PM2.5),15,17,0.5,12,77,77,7
380,2018-02-19 02:00:00,上海,青浦淀山湖,28,优,细颗粒物(PM2.5),13,17,0.5,9,89,83,7
381,2018-02-19 03:00:00,上海,青浦淀山湖,27,优,细颗粒物(PM2.5),13,17,0.4,9,84,83,7
382,2018-02-19 04:00:00,上海,青浦淀山湖,26,优,细颗粒物(PM2.5),11,17,0.4,9,83,83,7
383,2018-02-19 05:00:00,上海,青浦淀山湖,28,优,细颗粒物(PM2.5),8,17,0.4,8,88,84,6
384,2018-02-19 06:00:00,上海,青浦淀山湖,28,优,细颗粒物(PM2.5),13,17,0.5,10,88,85,7
385,2018-02-19 07:00:00,上海,青浦淀山湖,26,优,细颗粒物(PM2.5),13,17,0.5,11,82,84,7
386,2018-02-19 08:00:00,上海,青浦淀山湖,24,优,细颗粒物(PM2.5),11,12,0.5,12,74,83,8
387,2018-02-19 09:00:00,上海,青浦淀山湖,28,优,细颗粒物(PM2.5),19,12,0.5,14,69,82,7
388,2018-02-19 10:00:00,上海,青浦淀山湖,39,优,细颗粒物(PM2.5),27,12,0.6,19,59,78,7
389,2018-02-19 11:00:00,上海,青浦淀山湖,32,优,细颗粒物(PM2.5),22,12,0.6,25,55,75,7
390,2018-02-19 12:00:00,上海,青浦淀山湖,23,优,细颗粒物(PM2.5),16,12,0.5,20,69,73,7
391,2018-02-19 13:00:00,上海,青浦淀山湖,28,优,细颗粒物(PM2.5),19,12,0.6,18,74,71,7
392,2018-02-19 14:00:00,上海,青浦淀山湖,25,优,细颗粒物(PM2.5),17,12,0.6,15,74,70,7
393,2018-02-19 15:00:00,上海,青浦淀山湖,25,优,细颗粒物(PM2.5),7,12,0.6,17,78,69,7
394,2018-02-19 16:00:00,上海,青浦淀山湖,28,优,细颗粒物(PM2.5),6,12,0.6,14,87,71,7
395,2018-02-19 18:00:00,上海,青浦淀山湖,35,优,细颗粒物(PM2.5),24,12,0.9,18,96,77,9
396,2018-02-19 19:00:00,上海,青浦淀山湖,64,良,细颗粒物(PM2.5),46,47,0.9,20,98,82,11
397,2018-02-19 20:00:00,上海,青浦淀山湖,73,良,细颗粒物(PM2.5),53,56,1.1,21,97,86,13
398,2018-02-19 21:00:00,上海,青浦淀山湖,77,良,细颗粒物(PM2.5),56,60,0.9,16,105,90,12
399,2018-02-19 22:00:00,上海,青浦淀山湖,73,良,细颗粒物(PM2.5),53,56,0.7,13,108,94,10
400,2018-02-19 23:00:00,上海,青浦淀山湖,67,良,细颗粒物(PM2.5),48,56,0.9,15,101,97,10
401,2018-02-20 00:00:00,上海,青浦淀山湖,70,良,细颗粒物(PM2.5),51,56,0.7,14,95,98,10
402,2018-02-20 01:00:00,上海,青浦淀山湖,73,良,细颗粒物(PM2.5),53,59,0.7,16,93,93,13
403,2018-02-20 02:00:00,上海,青浦淀山湖,82,良,细颗粒物(PM2.5),60,71,0.8,19,84,88,13
404,2018-02-20 03:00:00,上海,青浦淀山湖,90,良,细颗粒物(PM2.5),67,73,0.7,16,86,88,12
405,2018-02-20 04:00:00,上海,青浦淀山湖,83,良,细颗粒物(PM2.5),61,71,0.8,17,80,86,12
406,2018-02-20 05:00:00,上海,青浦淀山湖,93,良,细颗粒物(PM2.5),69,74,0.8,17,80,85,11
407,2018-02-20 06:00:00,上海,青浦淀山湖,92,良,细颗粒物(PM2.5),68,71,0.9,16,82,84,11
408,2018-02-20 07:00:00,上海,青浦淀山湖,83,良,细颗粒物(PM2.5),61,65,0.8,15,84,84,10
409,2018-02-20 08:00:00,上海,青浦淀山湖,78,良,细颗粒物(PM2.5),57,62,0.8,17,77,83,10
410,2018-02-20 09:00:00,上海,青浦淀山湖,83,良,细颗粒物(PM2.5),61,63,1.0,21,74,81,12
411,2018-02-20 10:00:00,上海,青浦淀山湖,80,良,细颗粒物(PM2.5),59,66,1.0,25,75,80,12
412,2018-02-20 11:00:00,上海,青浦淀山湖,83,良,细颗粒物(PM2.5),61,73,0.9,23,81,79,11
413,2018-02-20 12:00:00,上海,青浦淀山湖,84,良,细颗粒物(PM2.5),62,70,0.9,25,78,79,11
414,2018-02-20 13:00:00,上海,青浦淀山湖,79,良,细颗粒物(PM2.5),58,67,0.8,26,75,78,11
415,2018-02-20 14:00:00,上海,青浦淀山湖,79,良,细颗粒物(PM2.5),58,63,0.7,22,80,78,9
416,2018-02-20 15:00:00,上海,青浦淀山湖,68,良,细颗粒物(PM2.5),49,56,0.7,19,83,78,8
417,2018-02-20 16:00:00,上海,青浦淀山湖,54,良,细颗粒物(PM2.5),38,47,0.8,17,89,79,8
418,2018-02-20 18:00:00,上海,青浦淀山湖,60,良,细颗粒物(PM2.5),43,47,0.7,15,99,86,8
419,2018-02-20 19:00:00,上海,青浦淀山湖,46,优,细颗粒物(PM2.5),32,32,0.7,14,102,89,8
420,2018-02-20 20:00:00,上海,青浦淀山湖,38,优,细颗粒物(PM2.5),26,27,0.7,15,98,91,8
421,2018-02-20 21:00:00,上海,青浦淀山湖,36,优,细颗粒物(PM2.5),25,27,0.9,16,94,94,9
422,2018-02-20 22:00:00,上海,青浦淀山湖,39,优,细颗粒物(PM2.5),27,27,1.0,19,90,95,9
423,2018-02-20 23:00:00,上海,青浦淀山湖,32,优,细颗粒物(PM2.5),22,27,1.0,18,91,96,9
424,2018-02-21 00:00:00,上海,青浦淀山湖,40,优,细颗粒物(PM2.5),28,27,0.8,15,94,96,9
425,2018-02-21 01:00:00,上海,青浦淀山湖,42,优,细颗粒物(PM2.5),29,27,0.7,13,95,95,8
426,2018-02-21 02:00:00,上海,青浦淀山湖,49,优,细颗粒物(PM2.5),34,27,0.7,11,98,96,8
427,2018-02-21 03:00:00,上海,青浦淀山湖,43,优,细颗粒物(PM2.5),30,27,0.8,13,87,93,8
428,2018-02-21 04:00:00,上海,青浦淀山湖,49,优,细颗粒物(PM2.5),34,27,0.7,11,90,92,8
429,2018-02-21 05:00:00,上海,青浦淀山湖,46,优,细颗粒物(PM2.5),32,27,0.7,12,90,92,9
430,2018-02-21 06:00:00,上海,青浦淀山湖,43,优,细颗粒物(PM2.5),30,27,0.6,11,90,92,7
431,2018-02-21 07:00:00,上海,青浦淀山湖,45,优,细颗粒物(PM2.5),31,35,0.6,15,79,90,8
432,2018-02-21 08:00:00,上海,青浦淀山湖,50,优,细颗粒物(PM2.5),35,36,0.6,15,81,89,9
433,2018-02-21 09:00:00,上海,青浦淀山湖,57,良,细颗粒物(PM2.5),40,36,0.6,18,77,86,9
434,2018-02-21 10:00:00,上海,青浦淀山湖,63,良,细颗粒物(PM2.5),45,36,0.7,16,82,84,10
435,2018-02-21 11:00:00,上海,青浦淀山湖,62,良,细颗粒物(PM2.5),44,36,0.7,17,88,85,10
436,2018-02-21 12:00:00,上海,青浦淀山湖,59,良,细颗粒物(PM2.5),42,47,0.7,17,91,85,9
437,2018-02-21 13:00:00,上海,青浦淀山湖,63,良,细颗粒物(PM2.5),45,49,0.7,14,100,86,10
438,2018-02-21 14:00:00,上海,青浦淀山湖,75,良,细颗粒物(PM2.5),55,55,0.9,16,99,87,10
439,2018-02-21 15:00:00,上海,青浦淀山湖,80,良,细颗粒物(PM2.5),59,61,0.8,14,103,90,9
440,2018-02-21 16:00:00,上海,青浦淀山湖,75,良,细颗粒物(PM2.5),55,66,0.8,15,95,92,8
441,2018-02-21 17:00:00,上海,青浦淀山湖,78,良,细颗粒物(PM2.5),57,66,0.8,19,84,93,9
442,2018-02-21 18:00:00,上海,青浦淀山湖,65,良,细颗粒物(PM2.5),47,53,0.8,20,81,93,8
443,2018-02-21 19:00:00,上海,青浦淀山湖,58,良,细颗粒物(PM2.5),41,45,0.7,19,81,92,8
444,2018-02-21 20:00:00,上海,青浦淀山湖,54,良,细颗粒物(PM2.5),38,44,0.7,26,65,88,8
445,2018-02-21 21:00:00,上海,青浦淀山湖,58,良,细颗粒物(PM2.5),41,43,0.7,30,53,83,7
446,2018-02-21 22:00:00,上海,青浦淀山湖,59,良,细颗粒物(PM2.5),42,43,0.7,28,54,77,8
447,2018-02-21 23:00:00,上海,青浦淀山湖,58,良,细颗粒物(PM2.5),41,45,0.8,24,60,72,8
448,2018-02-22 00:00:00,上海,青浦淀山湖,69,良,细颗粒物(PM2.5),50,50,0.8,31,50,66,9
449,2018-02-22 01:00:00,上海,青浦淀山湖,72,良,细颗粒物(PM2.5),52,53,0.8,33,49,49,10
450,2018-02-22 02:00:00,上海,青浦淀山湖,68,良,细颗粒物(PM2.5),49,52,0.7,27,57,53,10
451,2018-02-22 03:00:00,上海,青浦淀山湖,62,良,细颗粒物(PM2.5),44,49,0.7,24,60,55,9
452,2018-02-22 04:00:00,上海,青浦淀山湖,60,良,细颗粒物(PM2.5),43,47,0.7,21,63,57,10
453,2018-02-22 05:00:00,上海,青浦淀山湖,58,良,细颗粒物(PM2.5),41,47,0.7,17,72,60,9
454,2018-02-22 06:00:00,上海,青浦淀山湖,54,良,细颗粒物(PM2.5),38,47,0.7,17,72,62,9
455,2018-02-22 07:00:00,上海,青浦淀山湖,55,良,细颗粒物(PM2.5),39,48,1.0,24,54,61,8
456,2018-02-22 08:00:00,上海,青浦淀山湖,59,良,细颗粒物(PM2.5),42,50,0.9,43,27,57,9
457,2018-02-22 09:00:00,上海,青浦淀山湖,60,良,细颗粒物(PM2.5),43,47,0.8,35,46,56,9
458,2018-02-22 10:00:00,上海,青浦淀山湖,59,良,细颗粒物(PM2.5),42,46,0.8,25,71,58,10
459,2018-02-22 11:00:00,上海,青浦淀山湖,57,良,细颗粒物(PM2.5),40,46,0.8,16,78,60,10
460,2018-02-22 12:00:00,上海,青浦淀山湖,67,良,细颗粒物(PM2.5),48,46,0.7,27,67,61,12
461,2018-02-22 13:00:00,上海,青浦淀山湖,77,良,细颗粒物(PM2.5),56,61,0.7,27,80,62,12
462,2018-02-22 14:00:00,上海,青浦淀山湖,80,良,细颗粒物(PM2.5),59,61,0.7,19,90,64,12
463,2018-02-22 15:00:00,上海,青浦淀山湖,82,良,细颗粒物(PM2.5),60,62,0.7,19,93,69,12
464,2018-02-22 16:00:00,上海,青浦淀山湖,82,良,细颗粒物(PM2.5),60,66,0.7,16,102,78,11
465,2018-02-22 17:00:00,上海,青浦淀山湖,87,良,细颗粒物(PM2.5),64,70,0.7,18,96,85,10
466,2018-02-22 18:00:00,上海,青浦淀山湖,89,良,细颗粒物(PM2.5),66,72,0.8,23,82,86,9
467,2018-02-22 19:00:00,上海,青浦淀山湖,95,良,细颗粒物(PM2.5),71,76,0.8,34,63,84,8
468,2018-02-22 20:00:00,上海,青浦淀山湖,98,良,细颗粒物(PM2.5),73,74,0.8,40,43,81,8
469,2018-02-22 21:00:00,上海,青浦淀山湖,93,良,细颗粒物(PM2.5),69,72,0.8,36,39,76,8
470,2018-02-22 22:00:00,上海,青浦淀山湖,94,良,细颗粒物(PM2.5),70,72,0.8,38,34,69,8
471,2018-02-22 23:00:00,上海,青浦淀山湖,98,良,细颗粒物(PM2.5),73,74,0.8,38,33,62,8
472,2018-02-23 00:00:00,上海,青浦淀山湖,95,良,细颗粒物(PM2.5),71,75,0.9,42,27,52,8
473,2018-02-23 01:00:00,上海,青浦淀山湖,89,良,细颗粒物(PM2.5),66,71,0.8,52,10,10,8
474,2018-02-23 02:00:00,上海,青浦淀山湖,82,良,细颗粒物(PM2.5),60,63,0.8,42,14,12,8
475,2018-02-23 03:00:00,上海,青浦淀山湖,84,良,细颗粒物(PM2.5),62,63,0.8,37,24,16,8
476,2018-02-23 04:00:00,上海,青浦淀山湖,79,良,细颗粒物(PM2.5),58,63,0.8,35,25,18,7
477,2018-02-23 05:00:00,上海,青浦淀山湖,72,良,细颗粒物(PM2.5),52,54,0.8,35,40,23,7
478,2018-02-23 06:00:00,上海,青浦淀山湖,72,良,细颗粒物(PM2.5),52,54,0.8,33,22,22,7
479,2018-02-23 07:00:00,上海,青浦淀山湖,65,良,细颗粒物(PM2.5),47,54,0.8,34,18,22,7
480,2018-02-23 08:00:00,上海,青浦淀山湖,63,良,细颗粒物(PM2.5),45,54,0.8,28,30,23,7
481,2018-02-23 09:00:00,上海,青浦淀山湖,64,良,细颗粒物(PM2.5),46,54,0.8,27,50,28,12
482,2018-02-23 10:00:00,上海,青浦淀山湖,64,良,细颗粒物(PM2.5),46,54,0.8,23,58,33,15
483,2018-02-23 11:00:00,上海,青浦淀山湖,63,良,细颗粒物(PM2.5),45,54,0.7,20,68,39,13
484,2018-02-23 12:00:00,上海,青浦淀山湖,62,良,细颗粒物(PM2.5),44,54,0.6,19,83,46,9
485,2018-02-23 13:00:00,上海,青浦淀山湖,57,良,细颗粒物(PM2.5),40,54,0.6,19,96,53,10
486,2018-02-23 14:00:00,上海,青浦淀山湖,49,优,细颗粒物(PM2.5),34,54,0.5,17,106,64,9
487,2018-02-23 15:00:00,上海,青浦淀山湖,37,优,细颗粒物(PM2.5),22,25,0.4,16,116,76,9
488,2018-02-23 16:00:00,上海,青浦淀山湖,37,优,细颗粒物(PM2.5),19,22,0.4,16,117,87,8
489,2018-02-23 17:00:00,上海,青浦淀山湖,37,优,细颗粒物(PM2.5),24,29,0.5,21,116,95,9
490,2018-02-23 18:00:00,上海,青浦淀山湖,52,良,细颗粒物(PM2.5),36,41,0.6,29,111,102,9
491,2018-02-23 19:00:00,上海,青浦淀山湖,58,良,细颗粒物(PM2.5),41,45,0.7,34,102,106,10
492,2018-02-23 20:00:00,上海,青浦淀山湖,73,良,细颗粒物(PM2.5),53,45,0.6,35,94,107,9
493,2018-02-23 21:00:00,上海,青浦淀山湖,72,良,细颗粒物(PM2.5),52,45,0.6,28,95,107,9
494,2018-02-23 22:00:00,上海,青浦淀山湖,75,良,细颗粒物(PM2.5),55,45,0.6,29,90,105,9
495,2018-02-23 23:00:00,上海,青浦淀山湖,80,良,细颗粒物(PM2.5),59,45,0.6,27,89,102,9
496,2018-02-24 00:00:00,上海,青浦淀山湖,83,良,细颗粒物(PM2.5),61,45,0.6,38,79,97,9
497,2018-02-24 01:00:00,上海,青浦淀山湖,78,良,细颗粒物(PM2.5),57,45,0.6,30,82,82,9
498,2018-02-24 02:00:00,上海,青浦淀山湖,77,良,细颗粒物(PM2.5),56,45,0.7,35,76,79,10
499,2018-02-24 03:00:00,上海,青浦淀山湖,79,良,细颗粒物(PM2.5),58,45,0.7,27,80,79,10
500,2018-02-24 04:00:00,上海,青浦淀山湖,74,良,细颗粒物(PM2.5),54,45,0.7,25,82,80,11
501,2018-02-24 05:00:00,上海,青浦淀山湖,75,良,细颗粒物(PM2.5),55,45,0.7,23,80,80,10
502,2018-02-24 06:00:00,上海,青浦淀山湖,75,良,细颗粒物(PM2.5),55,45,0.7,24,76,79,11
503,2018-02-24 07:00:00,上海,青浦淀山湖,69,良,细颗粒物(PM2.5),50,45,0.6,25,75,79,10
504,2018-02-24 08:00:00,上海,青浦淀山湖,65,良,细颗粒物(PM2.5),47,45,0.6,30,74,78,10
505,2018-02-24 09:00:00,上海,青浦淀山湖,64,良,细颗粒物(PM2.5),46,45,0.6,29,83,78,10
506,2018-02-24 10:00:00,上海,青浦淀山湖,45,优,细颗粒物(PM2.5),31,33,0.6,33,85,79,10
507,2018-02-24 11:00:00,上海,青浦淀山湖,46,优,细颗粒物(PM2.5),32,32,0.6,28,97,82,11
508,2018-02-24 12:00:00,上海,青浦淀山湖,48,优,细颗粒物(PM2.5),33,32,0.5,28,97,83,11
509,2018-02-24 13:00:00,上海,青浦淀山湖,35,优,细颗粒物(PM2.5),24,24,0.5,22,104,86,10
510,2018-02-24 14:00:00,上海,青浦淀山湖,34,优,细颗粒物(PM2.5),20,23,0.5,21,106,90,10
511,2018-02-24 15:00:00,上海,青浦淀山湖,32,优,细颗粒物(PM2.5),22,28,0.5,25,97,93,10
512,2018-02-24 16:00:00,上海,青浦淀山湖,43,优,细颗粒物(PM2.5),30,39,0.5,39,82,94,12
513,2018-02-24 17:00:00,上海,青浦淀山湖,55,良,细颗粒物(PM2.5),39,45,0.6,37,88,94,11
514,2018-02-24 18:00:00,上海,青浦淀山湖,59,良,细颗粒物(PM2.5),42,47,0.6,40,82,94,10
515,2018-02-24 19:00:00,上海,青浦淀山湖,63,良,细颗粒物(PM2.5),45,48,0.6,39,80,92,10
516,2018-02-24 20:00:00,上海,青浦淀山湖,64,良,细颗粒物(PM2.5),46,50,0.6,35,81,90,10
517,2018-02-24 21:00:00,上海,青浦淀山湖,67,良,细颗粒物(PM2.5),48,50,0.6,29,84,88,9
518,2018-02-24 22:00:00,上海,青浦淀山湖,63,良,细颗粒物(PM2.5),45,50,0.8,29,79,84,9
519,2018-02-24 23:00:00,上海,青浦淀山湖,67,良,细颗粒物(PM2.5),48,50,0.6,23,88,83,8
520,2018-02-25 00:00:00,上海,青浦淀山湖,57,良,细颗粒物(PM2.5),40,50,0.6,23,86,84,8
521,2018-02-25 01:00:00,上海,青浦淀山湖,53,良,细颗粒物(PM2.5),37,50,0.6,20,91,91,8
522,2018-02-25 02:00:00,上海,青浦淀山湖,46,优,细颗粒物(PM2.5),32,50,0.6,19,98,94,8
523,2018-02-25 03:00:00,上海,青浦淀山湖,46,优,细颗粒物(PM2.5),32,50,0.7,20,97,95,8
524,2018-02-25 04:00:00,上海,青浦淀山湖,40,优,细颗粒物(PM2.5),28,50,0.8,20,97,96,8
525,2018-02-25 05:00:00,上海,青浦淀山湖,39,优,细颗粒物(PM2.5),27,50,0.6,16,103,97,7
526,2018-02-25 06:00:00,上海,青浦淀山湖,46,优,细颗粒物(PM2.5),32,50,0.6,17,97,97,7
527,2018-02-25 07:00:00,上海,青浦淀山湖,57,良,细颗粒物(PM2.5),40,50,0.6,23,85,95,8
528,2018-02-25 08:00:00,上海,青浦淀山湖,68,良,细颗粒物(PM2.5),49,50,0.7,17,94,95,7
529,2018-02-25 09:00:00,上海,青浦淀山湖,73,良,细颗粒物(PM2.5),53,62,0.6,17,97,96,8
530,2018-02-25 10:00:00,上海,青浦淀山湖,75,良,细颗粒物(PM2.5),55,68,0.6,22,89,95,8
531,2018-02-25 11:00:00,上海,青浦淀山湖,70,良,细颗粒物(PM2.5),51,60,0.6,23,90,94,8
532,2018-02-25 12:00:00,上海,青浦淀山湖,65,良,细颗粒物(PM2.5),47,57,0.5,24,91,93,8
533,2018-02-25 13:00:00,上海,青浦淀山湖,59,良,细颗粒物(PM2.5),42,56,0.5,21,99,93,7
534,2018-02-25 14:00:00,上海,青浦淀山湖,65,良,细颗粒物(PM2.5),47,59,0.5,21,100,93,10
535,2018-02-25 15:00:00,上海,青浦淀山湖,70,良,细颗粒物(PM2.5),51,59,0.5,22,95,94,10
536,2018-02-25 16:00:00,上海,青浦淀山湖,65,良,细颗粒物(PM2.5),47,57,0.5,24,92,94,9
537,2018-02-25 17:00:00,上海,青浦淀山湖,64,良,细颗粒物(PM2.5),46,58,0.5,28,86,93,8
538,2018-02-25 18:00:00,上海,青浦淀山湖,68,良,细颗粒物(PM2.5),49,60,0.5,36,76,91,8
539,2018-02-25 19:00:00,上海,青浦淀山湖,67,良,细颗粒物(PM2.5),48,60,0.6,73,29,84,8
540,2018-02-25 20:00:00,上海,青浦淀山湖,72,良,细颗粒物(PM2.5),52,61,0.5,60,34,76,8
541,2018-02-25 21:00:00,上海,青浦淀山湖,65,良,细颗粒物(PM2.5),47,54,0.8,38,62,72,11
542,2018-02-25 22:00:00,上海,青浦淀山湖,57,良,细颗粒物(PM2.5),40,50,0.7,36,61,67,11
543,2018-02-25 23:00:00,上海,青浦淀山湖,50,优,细颗粒物(PM2.5),35,46,0.6,34,61,63,11
544,2018-02-26 00:00:00,上海,青浦淀山湖,49,优,细颗粒物(PM2.5),34,44,0.7,37,52,58,10
545,2018-02-26 01:00:00,上海,青浦淀山湖,49,优,细颗粒物(PM2.5),34,43,0.7,45,38,38,9
546,2018-02-26 02:00:00,上海,青浦淀山湖,57,良,细颗粒物(PM2.5),40,43,0.6,46,40,39,8
547,2018-02-26 03:00:00,上海,青浦淀山湖,64,良,细颗粒物(PM2.5),46,43,0.6,38,44,41,8
548,2018-02-26 04:00:00,上海,青浦淀山湖,62,良,细颗粒物(PM2.5),44,44,0.6,41,37,40,8
549,2018-02-26 05:00:00,上海,青浦淀山湖,62,良,细颗粒物(PM2.5),44,45,0.6,52,18,35,8
550,2018-02-26 06:00:00,上海,青浦淀山湖,59,良,细颗粒物(PM2.5),42,45,0.6,55,11,31,8
551,2018-02-26 07:00:00,上海,青浦淀山湖,57,良,细颗粒物(PM2.5),40,45,0.7,54,5,28,9
552,2018-02-26 08:00:00,上海,青浦淀山湖,58,良,细颗粒物(PM2.5),41,45,0.6,50,20,27,9
553,2018-02-26 09:00:00,上海,青浦淀山湖,52,良,细颗粒物(PM2.5),36,39,0.5,34,57,29,10
554,2018-02-26 10:00:00,上海,青浦淀山湖,58,良,细颗粒物(PM2.5),41,43,0.5,34,94,36,14
555,2018-02-26 11:00:00,上海,青浦淀山湖,69,良,细颗粒物(PM2.5),50,54,0.6,29,121,45,12
556,2018-02-26 12:00:00,上海,青浦淀山湖,80,良,细颗粒物(PM2.5),59,54,0.6,23,135,58,10
557,2018-02-26 13:00:00,上海,青浦淀山湖,77,良,细颗粒物(PM2.5),56,54,0.5,23,147,74,10
558,2018-02-26 15:00:00,上海,青浦淀山湖,72,良,细颗粒物(PM2.5),52,54,0.5,26,155,110,10
559,2018-02-26 16:00:00,上海,青浦淀山湖,75,良,细颗粒物(PM2.5),55,54,0.5,26,146,126,10
560,2018-02-26 17:00:00,上海,青浦淀山湖,63,良,细颗粒物(PM2.5),45,45,0.5,30,121,134,9
561,2018-02-26 18:00:00,上海,青浦淀山湖,64,良,细颗粒物(PM2.5),46,47,0.6,33,117,137,9
562,2018-02-26 19:00:00,上海,青浦淀山湖,68,良,细颗粒物(PM2.5),49,52,0.6,41,97,134,8
563,2018-02-26 20:00:00,上海,青浦淀山湖,80,良,细颗粒物(PM2.5),59,52,0.6,33,98,129,8
564,2018-02-26 21:00:00,上海,青浦淀山湖,87,良,细颗粒物(PM2.5),64,52,0.6,40,82,121,8
565,2018-02-26 22:00:00,上海,青浦淀山湖,82,良,细颗粒物(PM2.5),60,52,0.5,38,81,112,10
566,2018-02-26 23:00:00,上海,青浦淀山湖,68,良,细颗粒物(PM2.5),49,52,0.5,36,78,102,11
567,2018-02-27 00:00:00,上海,青浦淀山湖,70,良,细颗粒物(PM2.5),51,52,0.5,38,74,94,10
568,2018-02-27 01:00:00,上海,青浦淀山湖,65,良,细颗粒物(PM2.5),47,52,0.5,31,82,82,9
569,2018-02-27 02:00:00,上海,青浦淀山湖,58,良,细颗粒物(PM2.5),41,52,0.5,33,79,80,10
570,2018-02-27 03:00:00,上海,青浦淀山湖,63,良,细颗粒物(PM2.5),45,52,0.5,35,73,78,10
571,2018-02-27 04:00:00,上海,青浦淀山湖,65,良,细颗粒物(PM2.5),47,52,0.5,38,67,75,10
572,2018-02-27 05:00:00,上海,青浦淀山湖,65,良,细颗粒物(PM2.5),47,52,0.6,39,59,72,9
573,2018-02-27 06:00:00,上海,青浦淀山湖,63,良,细颗粒物(PM2.5),45,52,0.6,39,60,70,9
574,2018-02-27 07:00:00,上海,青浦淀山湖,58,良,细颗粒物(PM2.5),41,41,0.6,45,47,67,9
575,2018-02-27 08:00:00,上海,青浦淀山湖,68,良,细颗粒物(PM2.5),49,41,0.7,47,48,64,10
576,2018-02-27 09:00:00,上海,青浦淀山湖,69,良,细颗粒物(PM2.5),50,41,0.7,39,73,63,11
577,2018-02-27 10:00:00,上海,青浦淀山湖,67,良,细颗粒物(PM2.5),48,41,0.6,34,91,65,11
578,2018-02-27 11:00:00,上海,青浦淀山湖,65,良,细颗粒物(PM2.5),47,41,0.6,31,116,70,10
579,2018-02-27 12:00:00,上海,青浦淀山湖,60,良,细颗粒物(PM2.5),43,41,0.5,28,127,78,9
580,2018-02-27 13:00:00,上海,青浦淀山湖,58,良,细颗粒物(PM2.5),41,41,0.5,28,135,87,10
581,2018-02-27 14:00:00,上海,青浦淀山湖,46,优,细颗粒物(PM2.5),32,32,0.5,30,136,97,11
582,2018-02-27 15:00:00,上海,青浦淀山湖,50,优,细颗粒物(PM2.5),35,38,0.4,32,144,109,10
583,2018-02-27 16:00:00,上海,青浦淀山湖,53,良,细颗粒物(PM2.5),37,46,0.4,37,136,120,10
584,2018-02-27 17:00:00,上海,青浦淀山湖,55,良,细颗粒物(PM2.5),39,52,0.4,32,128,127,9
585,2018-02-27 18:00:00,上海,青浦淀山湖,59,良,细颗粒物(PM2.5),42,55,0.5,29,130,132,10
586,2018-02-27 19:00:00,上海,青浦淀山湖,69,良,细颗粒物(PM2.5),50,58,0.5,29,127,133,10
587,2018-02-27 20:00:00,上海,青浦淀山湖,62,良,细颗粒物(PM2.5),44,52,0.4,28,118,132,10
588,2018-02-27 21:00:00,上海,青浦淀山湖,54,良,细颗粒物(PM2.5),38,43,0.4,27,109,128,9
589,2018-02-27 22:00:00,上海,青浦淀山湖,50,优,细颗粒物(PM2.5),35,36,0.4,26,101,124,9
590,2018-02-27 23:00:00,上海,青浦淀山湖,46,优,细颗粒物(PM2.5),32,33,0.4,23,100,119,9
591,2018-02-28 00:00:00,上海,青浦淀山湖,48,优,细颗粒物(PM2.5),33,33,0.4,20,103,114,9
592,2018-02-28 01:00:00,上海,青浦淀山湖,42,优,细颗粒物(PM2.5),29,32,0.4,20,100,100,10
593,2018-02-28 02:00:00,上海,青浦淀山湖,45,优,细颗粒物(PM2.5),31,35,0.4,18,96,98,10
594,2018-02-28 03:00:00,上海,青浦淀山湖,49,优,细颗粒物(PM2.5),34,36,0.4,22,84,93,10
595,2018-02-28 04:00:00,上海,青浦淀山湖,55,良,细颗粒物(PM2.5),39,36,0.4,22,74,88,8
596,2018-02-28 05:00:00,上海,青浦淀山湖,45,优,细颗粒物(PM2.5),31,36,0.4,30,53,81,8
597,2018-02-28 06:00:00,上海,青浦淀山湖,39,优,细颗粒物(PM2.5),27,36,0.4,42,37,74,8
598,2018-02-28 07:00:00,上海,青浦淀山湖,40,优,细颗粒物(PM2.5),28,36,0.5,48,30,68,8
599,2018-02-28 08:00:00,上海,青浦淀山湖,52,良,细颗粒物(PM2.5),36,36,0.5,39,42,64,16
600,2018-02-28 09:00:00,上海,青浦淀山湖,63,良,细颗粒物(PM2.5),45,36,0.6,26,55,59,10
601,2018-02-28 10:00:00,上海,青浦淀山湖,58,良,细颗粒物(PM2.5),41,36,0.7,22,68,55,9
602,2018-02-28 11:00:00,上海,青浦淀山湖,33,优,细颗粒物(PM2.5),23,36,0.8,27,61,52,9
603,2018-02-28 12:00:00,上海,青浦淀山湖,32,优,细颗粒物(PM2.5),22,36,0.5,22,85,54,7
604,2018-02-28 13:00:00,上海,青浦淀山湖,33,优,细颗粒物(PM2.5),23,36,0.4,23,85,58,7
605,2018-02-28 14:00:00,上海,青浦淀山湖,42,优,细颗粒物(PM2.5),29,36,0.4,23,89,64,7
606,2018-02-28 15:00:00,上海,青浦淀山湖,39,优,细颗粒物(PM2.5),27,36,0.4,25,91,72,9
607,2018-02-28 16:00:00,上海,青浦淀山湖,43,优,细颗粒物(PM2.5),30,36,0.4,28,86,78,8
608,2018-02-28 18:00:00,上海,青浦淀山湖,45,优,细颗粒物(PM2.5),31,36,0.6,34,78,82,9
609,2018-02-28 19:00:00,上海,青浦淀山湖,54,良,细颗粒物(PM2.5),38,36,0.6,32,77,84,8
610,2018-02-28 22:00:00,上海,青浦淀山湖,62,良,细颗粒物(PM2.5),44,36,0.6,51,39,70,9
611,2018-02-28 23:00:00,上海,青浦淀山湖,64,良,细颗粒物(PM2.5),46,36,0.6,54,25,61,10
612,2018-03-01 01:00:00,上海,青浦淀山湖,60,良,细颗粒物(PM2.5),43,,0.6,46,23,23,11
613,2018-03-01 02:00:00,上海,青浦淀山湖,68,良,细颗粒物(PM2.5),49,,0.7,52,22,22,11
614,2018-03-01 03:00:00,上海,青浦淀山湖,68,良,细颗粒物(PM2.5),49,,0.7,55,24,23,13
615,2018-03-01 04:00:00,上海,青浦淀山湖,74,良,细颗粒物(PM2.5),54,,0.7,55,21,22,15
616,2018-03-01 05:00:00,上海,青浦淀山湖,75,良,细颗粒物(PM2.5),55,,0.8,58,6,19,11
617,2018-03-01 06:00:00,上海,青浦淀山湖,72,良,细颗粒物(PM2.5),52,,0.8,63,4,17,12
618,2018-03-01 07:00:00,上海,青浦淀山湖,68,良,细颗粒物(PM2.5),49,49,0.8,64,6,15,14
619,2018-03-01 08:00:00,上海,青浦淀山湖,70,良,细颗粒物(PM2.5),51,56,0.8,57,12,15,12
620,2018-03-01 09:00:00,上海,青浦淀山湖,87,良,细颗粒物(PM2.5),64,56,1.0,50,27,15,15
621,2018-03-01 10:00:00,上海,青浦淀山湖,105,轻度污染,细颗粒物(PM2.5),79,56,1.0,57,36,17,21
622,2018-03-01 13:00:00,上海,青浦淀山湖,198,中度污染,细颗粒物(PM2.5),148,56,1.1,39,102,44,10
623,2018-03-01 14:00:00,上海,青浦淀山湖,193,中度污染,细颗粒物(PM2.5),145,56,1.0,34,123,58,11
624,2018-03-01 15:00:00,上海,青浦淀山湖,163,中度污染,细颗粒物(PM2.5),124,56,1.0,40,118,72,14
625,2018-03-01 17:00:00,上海,青浦淀山湖,115,轻度污染,细颗粒物(PM2.5),87,107,1.0,44,108,95,13
626,2018-03-01 18:00:00,上海,青浦淀山湖,107,轻度污染,细颗粒物(PM2.5),80,107,1.0,43,111,104,10
627,2018-03-01 19:00:00,上海,青浦淀山湖,104,轻度污染,细颗粒物(PM2.5),78,93,0.7,37,100,108,9
628,2018-03-01 20:00:00,上海,青浦淀山湖,68,良,细颗粒物(PM2.5),49,78,0.7,32,104,109,9
629,2018-03-01 21:00:00,上海,青浦淀山湖,64,良,细颗粒物(PM2.5),46,76,0.6,36,91,108,9
630,2018-03-01 22:00:00,上海,青浦淀山湖,58,良,颗粒物(PM10)细颗粒物(PM2.5),41,65,0.5,43,81,103,9
631,2018-03-01 23:00:00,上海,青浦淀山湖,52,良,颗粒物(PM10),29,53,0.4,36,83,98,8
632,2018-03-02 00:00:00,上海,青浦淀山湖,45,优,颗粒物(PM10),27,45,0.4,28,89,96,9
633,2018-03-02 01:00:00,上海,青浦淀山湖,42,优,颗粒物(PM10),27,42,0.4,27,86,86,11
634,2018-03-02 02:00:00,上海,青浦淀山湖,45,优,颗粒物(PM10),26,45,0.4,27,85,86,11
635,2018-03-02 03:00:00,上海,青浦淀山湖,41,优,颗粒物(PM10),28,41,0.4,29,81,84,9
636,2018-03-02 04:00:00,上海,青浦淀山湖,37,优,颗粒物(PM10),17,37,0.4,28,78,82,9
637,2018-03-02 05:00:00,上海,青浦淀山湖,29,优,颗粒物(PM10),20,28,0.4,28,75,81,8
638,2018-03-02 06:00:00,上海,青浦淀山湖,25,优,颗粒物(PM10),11,25,0.4,28,76,80,8
639,2018-03-02 07:00:00,上海,青浦淀山湖,27,优,颗粒物(PM10),16,27,0.4,31,73,79,9
640,2018-03-02 08:00:00,上海,青浦淀山湖,31,优,颗粒物(PM10),21,31,0.4,40,63,77,10
641,2018-03-02 09:00:00,上海,青浦淀山湖,38,优,颗粒物(PM10),26,33,0.4,35,68,75,10
642,2018-03-02 10:00:00,上海,青浦淀山湖,35,优,颗粒物(PM10),24,29,0.4,30,76,74,8
643,2018-03-02 11:00:00,上海,青浦淀山湖,35,优,颗粒物(PM10),24,32,0.4,30,77,73,9
644,2018-03-02 14:00:00,上海,青浦淀山湖,27,优,颗粒物(PM10),18,27,0.4,21,81,73,7
645,2018-03-02 15:00:00,上海,青浦淀山湖,34,优,颗粒物(PM10),20,34,0.4,22,81,74,7
646,2018-03-02 16:00:00,上海,青浦淀山湖,33,优,颗粒物(PM10),23,32,0.4,22,83,77,7
647,2018-03-02 17:00:00,上海,青浦淀山湖,30,优,颗粒物(PM10),21,29,0.4,23,84,79,7
648,2018-03-02 18:00:00,上海,青浦淀山湖,35,优,颗粒物(PM10),24,34,0.4,28,75,79,7
649,2018-03-02 19:00:00,上海,青浦淀山湖,39,优,颗粒物(PM10),27,38,0.4,27,73,78,7
650,2018-03-02 20:00:00,上海,青浦淀山湖,40,优,颗粒物(PM10),26,40,0.4,30,68,78,8
651,2018-03-02 21:00:00,上海,青浦淀山湖,43,优,颗粒物(PM10),24,43,0.4,24,76,78,7
652,2018-03-02 22:00:00,上海,青浦淀山湖,43,优,颗粒物(PM10),26,43,0.4,23,76,77,7
653,2018-03-02 23:00:00,上海,青浦淀山湖,43,优,颗粒物(PM10),28,43,0.4,20,75,76,7
654,2018-03-03 00:00:00,上海,青浦淀山湖,43,优,颗粒物(PM10),27,43,0.4,19,75,75,7
655,2018-03-03 01:00:00,上海,青浦淀山湖,43,优,颗粒物(PM10),27,43,0.4,19,74,74,7
656,2018-03-03 02:00:00,上海,青浦淀山湖,42,优,颗粒物(PM10),28,42,0.4,17,73,74,7
657,2018-03-03 03:00:00,上海,青浦淀山湖,43,优,颗粒物(PM10),30,38,0.5,20,64,70,7
658,2018-03-03 04:00:00,上海,青浦淀山湖,42,优,颗粒物(PM10),29,38,0.5,23,58,67,7
659,2018-03-03 05:00:00,上海,青浦淀山湖,33,优,颗粒物(PM10),23,38,0.5,22,66,67,7
660,2018-03-03 06:00:00,上海,青浦淀山湖,26,优,颗粒物(PM10),18,38,0.5,26,63,66,7
661,2018-03-03 07:00:00,上海,青浦淀山湖,19,优,颗粒物(PM10),13,15,0.5,32,55,65,7
662,2018-03-03 08:00:00,上海,青浦淀山湖,32,优,颗粒物(PM10),21,15,0.6,63,18,59,8
663,2018-03-03 09:00:00,上海,青浦淀山湖,35,优,颗粒物(PM10),24,15,0.6,41,42,55,7
664,2018-03-03 10:00:00,上海,青浦淀山湖,39,优,颗粒物(PM10),27,15,0.6,26,59,53,8
665,2018-03-03 11:00:00,上海,青浦淀山湖,42,优,颗粒物(PM10),29,15,0.6,25,60,53,11
666,2018-03-03 12:00:00,上海,青浦淀山湖,50,优,颗粒物(PM10),35,15,0.7,27,63,53,9
667,2018-03-03 13:00:00,上海,青浦淀山湖,67,良,细颗粒物(PM2.5),48,15,0.7,29,70,54,11
668,2018-03-03 14:00:00,上海,青浦淀山湖,74,良,细颗粒物(PM2.5),54,15,0.8,30,84,56,14
669,2018-03-03 15:00:00,上海,青浦淀山湖,90,良,细颗粒物(PM2.5),67,15,0.8,28,95,61,10
670,2018-03-03 16:00:00,上海,青浦淀山湖,84,良,细颗粒物(PM2.5),62,15,0.8,27,113,73,8
671,2018-03-03 17:00:00,上海,青浦淀山湖,79,良,细颗粒物(PM2.5),58,15,0.8,26,121,83,8
672,2018-03-03 18:00:00,上海,青浦淀山湖,74,良,细颗粒物(PM2.5),54,15,0.8,40,84,86,8
673,2018-03-03 19:00:00,上海,青浦淀山湖,67,良,细颗粒物(PM2.5),48,15,0.8,65,57,86,11
674,2018-03-03 20:00:00,上海,青浦淀山湖,85,良,细颗粒物(PM2.5),63,15,0.7,58,50,84,10
675,2018-03-03 21:00:00,上海,青浦淀山湖,74,良,细颗粒物(PM2.5),54,15,0.5,43,49,82,8
676,2018-03-03 22:00:00,上海,青浦淀山湖,62,良,细颗粒物(PM2.5),44,15,0.5,25,84,82,8
677,2018-03-03 23:00:00,上海,青浦淀山湖,35,优,细颗粒物(PM2.5),24,15,0.4,16,97,82,7
678,2018-03-04 00:00:00,上海,青浦淀山湖,29,优,细颗粒物(PM2.5),20,15,0.4,18,89,79,7
679,2018-03-04 01:00:00,上海,青浦淀山湖,29,优,细颗粒物(PM2.5),20,15,0.5,17,87,87,7
680,2018-03-04 02:00:00,上海,青浦淀山湖,28,优,细颗粒物(PM2.5),19,15,0.5,18,78,82,7
681,2018-03-04 03:00:00,上海,青浦淀山湖,30,优,细颗粒物(PM2.5),21,15,0.5,18,78,81,8
682,2018-03-04 04:00:00,上海,青浦淀山湖,25,优,细颗粒物(PM2.5),17,15,0.5,16,79,80,7
683,2018-03-04 05:00:00,上海,青浦淀山湖,28,优,细颗粒物(PM2.5),19,19,0.5,17,72,79,8
684,2018-03-04 06:00:00,上海,青浦淀山湖,43,优,细颗粒物(PM2.5),30,19,0.6,24,56,75,8
685,2018-03-04 07:00:00,上海,青浦淀山湖,49,优,细颗粒物(PM2.5),34,19,0.6,32,46,71,8
686,2018-03-04 08:00:00,上海,青浦淀山湖,52,良,细颗粒物(PM2.5),36,19,0.7,37,44,68,10
687,2018-03-04 09:00:00,上海,青浦淀山湖,53,良,细颗粒物(PM2.5),37,19,0.6,31,65,65,10
688,2018-03-04 10:00:00,上海,青浦淀山湖,35,优,细颗粒物(PM2.5),24,19,0.6,24,78,65,10
689,2018-03-04 11:00:00,上海,青浦淀山湖,33,优,细颗粒物(PM2.5),23,19,0.6,24,103,68,11
690,2018-03-04 12:00:00,上海,青浦淀山湖,42,优,细颗粒物(PM2.5),29,30,0.6,24,128,74,11
691,2018-03-04 13:00:00,上海,青浦淀山湖,53,良,细颗粒物(PM2.5),37,30,0.6,25,140,82,11
692,2018-03-04 14:00:00,上海,青浦淀山湖,55,良,细颗粒物(PM2.5),39,40,0.6,28,148,94,11
693,2018-03-04 15:00:00,上海,青浦淀山湖,69,良,臭氧1小时,46,48,0.6,27,175,110,11
694,2018-03-04 16:00:00,上海,青浦淀山湖,73,良,细颗粒物(PM2.5),53,54,0.6,34,168,126,12
695,2018-03-04 17:00:00,上海,青浦淀山湖,72,良,细颗粒物(PM2.5),52,57,0.6,40,142,135,12
696,2018-03-04 18:00:00,上海,青浦淀山湖,77,良,细颗粒物(PM2.5),56,56,0.6,60,89,137,11
697,2018-03-04 19:00:00,上海,青浦淀山湖,83,良,细颗粒物(PM2.5),61,56,0.6,46,87,135,11
698,2018-03-04 20:00:00,上海,青浦淀山湖,75,良,细颗粒物(PM2.5),55,59,0.6,43,86,129,9
699,2018-03-04 21:00:00,上海,青浦淀山湖,79,良,细颗粒物(PM2.5),58,59,0.6,40,87,123,9
700,2018-03-04 22:00:00,上海,青浦淀山湖,60,良,细颗粒物(PM2.5),43,58,0.7,49,57,111,8
701,2018-03-04 23:00:00,上海,青浦淀山湖,93,良,细颗粒物(PM2.5),69,58,0.7,37,47,95,7
702,2018-03-05 00:00:00,上海,青浦淀山湖,67,良,细颗粒物(PM2.5),48,58,0.6,31,39,79,7
703,2018-03-05 01:00:00,上海,青浦淀山湖,32,优,细颗粒物(PM2.5),22,58,0.4,28,51,51,6
704,2018-03-05 02:00:00,上海,青浦淀山湖,23,优,细颗粒物(PM2.5),16,58,0.5,24,60,56,7
705,2018-03-05 03:00:00,上海,青浦淀山湖,20,优,细颗粒物(PM2.5),14,58,0.6,25,61,57,7
706,2018-03-05 04:00:00,上海,青浦淀山湖,20,优,细颗粒物(PM2.5),12,58,0.6,25,63,59,7
707,2018-03-05 05:00:00,上海,青浦淀山湖,26,优,细颗粒物(PM2.5),18,58,0.4,22,75,62,7
708,2018-03-05 06:00:00,上海,青浦淀山湖,29,优,细颗粒物(PM2.5),13,58,0.3,19,90,67,6
709,2018-03-05 07:00:00,上海,青浦淀山湖,30,优,细颗粒物(PM2.5),8,58,0.2,19,94,71,7
710,2018-03-05 08:00:00,上海,青浦淀山湖,27,优,细颗粒物(PM2.5),9,9,0.3,22,86,72,7
711,2018-03-05 09:00:00,上海,青浦淀山湖,25,优,细颗粒物(PM2.5),9,12,0.3,22,80,76,6
712,2018-03-05 10:00:00,上海,青浦淀山湖,23,优,细颗粒物(PM2.5),11,19,0.4,24,72,78,7
713,2018-03-05 11:00:00,上海,青浦淀山湖,39,优,细颗粒物(PM2.5),27,33,0.5,26,68,78,7
714,2018-03-05 12:00:00,上海,青浦淀山湖,49,优,细颗粒物(PM2.5),34,44,0.5,26,73,80,8
715,2018-03-05 13:00:00,上海,青浦淀山湖,49,优,细颗粒物(PM2.5),34,46,0.5,27,82,81,9
716,2018-03-05 14:00:00,上海,青浦淀山湖,46,优,细颗粒物(PM2.5),32,45,0.4,26,89,80,9
717,2018-03-05 15:00:00,上海,青浦淀山湖,45,优,细颗粒物(PM2.5),29,45,0.4,28,93,80,10
718,2018-03-05 16:00:00,上海,青浦淀山湖,45,优,细颗粒物(PM2.5),27,45,0.4,29,95,82,10
719,2018-03-05 17:00:00,上海,青浦淀山湖,42,优,细颗粒物(PM2.5),21,42,0.3,22,101,84,9
720,2018-03-05 18:00:00,上海,青浦淀山湖,48,优,细颗粒物(PM2.5),17,48,0.3,20,102,88,9
721,2018-03-05 19:00:00,上海,青浦淀山湖,52,良,颗粒物(PM10),18,54,0.3,23,94,91,9
722,2018-03-05 20:00:00,上海,青浦淀山湖,54,良,颗粒物(PM10),19,57,0.4,26,90,93,10
723,2018-03-05 21:00:00,上海,青浦淀山湖,54,良,颗粒物(PM10),26,58,0.4,23,91,94,10
724,2018-03-05 22:00:00,上海,青浦淀山湖,52,良,颗粒物(PM10),22,54,0.4,21,93,95,11
725,2018-03-05 23:00:00,上海,青浦淀山湖,51,良,颗粒物(PM10),24,51,0.4,20,93,95,10
726,2018-03-06 00:00:00,上海,青浦淀山湖,46,优,颗粒物(PM10),24,46,0.4,20,92,94,10
727,2018-03-06 01:00:00,上海,青浦淀山湖,42,优,颗粒物(PM10),19,42,0.4,18,95,95,9
728,2018-03-06 02:00:00,上海,青浦淀山湖,41,优,颗粒物(PM10),19,41,0.3,17,94,94,10
729,2018-03-06 03:00:00,上海,青浦淀山湖,41,优,颗粒物(PM10),20,41,0.3,17,93,94,10
730,2018-03-06 04:00:00,上海,青浦淀山湖,41,优,颗粒物(PM10),17,41,0.3,16,91,93,9
731,2018-03-06 05:00:00,上海,青浦淀山湖,43,优,颗粒物(PM10),18,43,0.3,14,94,93,8
732,2018-03-06 06:00:00,上海,青浦淀山湖,42,优,颗粒物(PM10),19,42,0.4,12,95,94,7
733,2018-03-06 07:00:00,上海,青浦淀山湖,40,优,颗粒物(PM10),13,40,0.4,12,96,94,7
734,2018-03-06 08:00:00,上海,青浦淀山湖,41,优,颗粒物(PM10),17,41,0.5,22,82,92,9
735,2018-03-06 09:00:00,上海,青浦淀山湖,42,优,颗粒物(PM10),17,42,0.3,22,84,91,7
736,2018-03-06 10:00:00,上海,青浦淀山湖,42,优,颗粒物(PM10),14,42,0.3,27,81,90,7
737,2018-03-06 12:00:00,上海,青浦淀山湖,43,优,颗粒物(PM10),20,43,0.4,26,91,88,8
738,2018-03-06 13:00:00,上海,青浦淀山湖,41,优,颗粒物(PM10),19,41,0.3,27,95,88,8
739,2018-03-06 14:00:00,上海,青浦淀山湖,39,优,颗粒物(PM10),17,39,0.3,27,99,89,8
740,2018-03-06 15:00:00,上海,青浦淀山湖,39,优,颗粒物(PM10),19,39,0.3,28,103,90,8
741,2018-03-06 16:00:00,上海,青浦淀山湖,38,优,颗粒物(PM10),21,38,0.3,30,99,92,8
742,2018-03-06 19:00:00,上海,青浦淀山湖,38,优,颗粒物(PM10),16,38,0.4,28,92,96,7
743,2018-03-06 20:00:00,上海,青浦淀山湖,35,优,颗粒物(PM10),16,35,0.3,25,93,96,7
744,2018-03-06 21:00:00,上海,青浦淀山湖,35,优,颗粒物(PM10),16,35,0.3,27,88,95,7
745,2018-03-06 22:00:00,上海,青浦淀山湖,34,优,颗粒物(PM10),21,34,0.4,29,86,93,7
746,2018-03-06 23:00:00,上海,青浦淀山湖,34,优,颗粒物(PM10),18,34,0.4,31,84,91,8
747,2018-03-07 00:00:00,上海,青浦淀山湖,40,优,颗粒物(PM10),28,32,0.4,33,82,89,8
748,2018-03-07 01:00:00,上海,青浦淀山湖,40,优,颗粒物(PM10),28,31,0.4,29,86,86,8
749,2018-03-07 02:00:00,上海,青浦淀山湖,36,优,颗粒物(PM10),25,31,0.4,32,76,81,7
750,2018-03-07 03:00:00,上海,青浦淀山湖,36,优,颗粒物(PM10),25,28,0.4,53,47,70,7
751,2018-03-07 04:00:00,上海,青浦淀山湖,33,优,颗粒物(PM10),23,28,0.4,31,74,71,7
752,2018-03-07 05:00:00,上海,青浦淀山湖,35,优,颗粒物(PM10),24,28,0.4,29,70,71,8
753,2018-03-07 06:00:00,上海,青浦淀山湖,49,优,颗粒物(PM10),34,28,0.4,35,63,69,8
754,2018-03-07 07:00:00,上海,青浦淀山湖,48,优,颗粒物(PM10),33,28,0.4,48,46,66,9
755,2018-03-07 08:00:00,上海,青浦淀山湖,45,优,颗粒物(PM10),31,28,0.5,49,50,64,9
756,2018-03-07 09:00:00,上海,青浦淀山湖,36,优,颗粒物(PM10),25,28,0.5,50,51,60,9
757,2018-03-07 10:00:00,上海,青浦淀山湖,38,优,颗粒物(PM10),26,30,0.5,59,48,56,9
758,2018-03-07 11:00:00,上海,青浦淀山湖,32,优,颗粒物(PM10),22,32,0.5,60,49,56,9
759,2018-03-07 12:00:00,上海,青浦淀山湖,39,优,颗粒物(PM10),19,39,0.5,56,52,54,9
760,2018-03-07 13:00:00,上海,青浦淀山湖,41,优,颗粒物(PM10),19,41,0.4,41,66,53,8
761,2018-03-07 14:00:00,上海,青浦淀山湖,30,优,颗粒物(PM10),19,30,0.4,41,64,53,7
762,2018-03-07 15:00:00,上海,青浦淀山湖,45,优,颗粒物(PM10),31,32,0.5,41,62,55,9
763,2018-03-07 16:00:00,上海,青浦淀山湖,30,优,颗粒物(PM10),21,27,0.5,32,70,58,8
764,2018-03-07 19:00:00,上海,青浦淀山湖,39,优,颗粒物(PM10),27,27,0.4,24,74,66,8
765,2018-03-07 20:00:00,上海,青浦淀山湖,32,优,颗粒物(PM10),22,23,0.4,22,74,69,7
766,2018-03-07 21:00:00,上海,青浦淀山湖,33,优,颗粒物(PM10),23,23,0.3,15,87,72,7
767,2018-03-07 22:00:00,上海,青浦淀山湖,29,优,颗粒物(PM10),18,23,0.3,16,90,75,7
768,2018-03-07 23:00:00,上海,青浦淀山湖,28,优,颗粒物(PM10),14,16,0.3,18,87,78,8
769,2018-03-08 00:00:00,上海,青浦淀山湖,29,优,颗粒物(PM10),12,18,0.3,15,91,81,7
770,2018-03-08 01:00:00,上海,青浦淀山湖,29,优,颗粒物(PM10),19,18,0.3,15,92,92,8
771,2018-03-08 02:00:00,上海,青浦淀山湖,30,优,颗粒物(PM10),21,22,0.4,19,86,89,9
772,2018-03-08 03:00:00,上海,青浦淀山湖,32,优,颗粒物(PM10),22,24,0.4,19,81,86,8
773,2018-03-08 04:00:00,上海,青浦淀山湖,36,优,颗粒物(PM10),25,26,0.4,18,84,86,8
774,2018-03-08 05:00:00,上海,青浦淀山湖,33,优,颗粒物(PM10),23,23,0.4,15,90,87,8
775,2018-03-08 06:00:00,上海,青浦淀山湖,39,优,颗粒物(PM10),27,29,0.5,14,89,87,7
776,2018-03-08 07:00:00,上海,青浦淀山湖,39,优,颗粒物(PM10),27,30,0.5,16,87,87,8
777,2018-03-08 08:00:00,上海,青浦淀山湖,42,优,颗粒物(PM10),29,34,0.6,19,83,86,9
778,2018-03-08 09:00:00,上海,青浦淀山湖,45,优,颗粒物(PM10),31,38,0.8,25,79,85,11
779,2018-03-08 10:00:00,上海,青浦淀山湖,46,优,颗粒物(PM10),32,43,0.8,27,81,84,12
780,2018-03-08 11:00:00,上海,青浦淀山湖,53,良,细颗粒物(PM2.5),37,48,0.6,21,91,86,9
781,2018-03-08 13:00:00,上海,青浦淀山湖,55,良,细颗粒物(PM2.5),39,53,0.5,23,97,88,9
782,2018-03-08 15:00:00,上海,青浦淀山湖,75,良,细颗粒物(PM2.5),55,65,0.7,28,93,90,10
783,2018-03-08 20:00:00,上海,青浦淀山湖,162,中度污染,细颗粒物(PM2.5),123,65,1.1,39,70,89,11
784,2018-03-08 21:00:00,上海,青浦淀山湖,143,轻度污染,细颗粒物(PM2.5),109,65,1.1,32,80,86,12
785,2018-03-08 22:00:00,上海,青浦淀山湖,123,轻度污染,细颗粒物(PM2.5),93,94,1.0,30,79,84,11
786,2018-03-08 23:00:00,上海,青浦淀山湖,118,轻度污染,细颗粒物(PM2.5),89,94,0.8,31,79,82,10
787,2018-03-09 00:00:00,上海,青浦淀山湖,113,轻度污染,细颗粒物(PM2.5),85,94,0.8,31,78,80,10
788,2018-03-09 01:00:00,上海,青浦淀山湖,114,轻度污染,细颗粒物(PM2.5),86,94,0.8,31,79,79,10
789,2018-03-09 02:00:00,上海,青浦淀山湖,107,轻度污染,细颗粒物(PM2.5),80,94,0.7,28,79,79,11
790,2018-03-09 03:00:00,上海,青浦淀山湖,83,良,细颗粒物(PM2.5),61,94,0.6,19,86,81,11
791,2018-03-09 04:00:00,上海,青浦淀山湖,63,良,细颗粒物(PM2.5),45,94,0.5,17,87,83,11
792,2018-03-09 05:00:00,上海,青浦淀山湖,63,良,细颗粒物(PM2.5),45,94,0.5,20,81,82,12
793,2018-03-09 06:00:00,上海,青浦淀山湖,70,良,细颗粒物(PM2.5),51,94,0.6,22,76,81,12
794,2018-03-09 07:00:00,上海,青浦淀山湖,59,良,细颗粒物(PM2.5),42,48,0.7,23,71,80,12
795,2018-03-09 08:00:00,上海,青浦淀山湖,57,良,细颗粒物(PM2.5),40,48,0.7,24,68,78,13
796,2018-03-09 09:00:00,上海,青浦淀山湖,59,良,细颗粒物(PM2.5),42,46,0.7,25,69,77,13
797,2018-03-09 10:00:00,上海,青浦淀山湖,54,良,细颗粒物(PM2.5),38,52,0.7,24,72,76,13
798,2018-03-09 11:00:00,上海,青浦淀山湖,65,良,细颗粒物(PM2.5),47,55,0.7,30,75,75,14
799,2018-03-09 12:00:00,上海,青浦淀山湖,52,良,颗粒物(PM10),47,53,0.7,30,86,75,14
800,2018-03-09 14:00:00,上海,青浦淀山湖,54,良,细颗粒物(PM2.5),38,53,0.6,23,92,78,13
801,2018-03-09 15:00:00,上海,青浦淀山湖,52,良,细颗粒物(PM2.5),36,44,0.6,17,92,79,10
802,2018-03-09 16:00:00,上海,青浦淀山湖,54,良,细颗粒物(PM2.5),38,49,0.7,21,97,83,14
803,2018-03-09 17:00:00,上海,青浦淀山湖,68,良,细颗粒物(PM2.5),49,54,0.7,25,94,86,14
804,2018-03-09 18:00:00,上海,青浦淀山湖,74,良,细颗粒物(PM2.5),54,54,0.7,31,92,89,14
805,2018-03-09 19:00:00,上海,青浦淀山湖,73,良,细颗粒物(PM2.5),53,58,0.8,73,21,82,13
806,2018-03-09 20:00:00,上海,青浦淀山湖,73,良,细颗粒物(PM2.5),53,62,0.8,78,14,71,13
807,2018-03-09 21:00:00,上海,青浦淀山湖,72,良,细颗粒物(PM2.5),52,64,0.7,75,12,60,13
808,2018-03-09 22:00:00,上海,青浦淀山湖,75,良,细颗粒物(PM2.5),55,64,0.7,69,5,48,11
809,2018-03-09 23:00:00,上海,青浦淀山湖,72,良,细颗粒物(PM2.5),52,62,0.7,68,5,42,10
810,2018-03-10 00:00:00,上海,青浦淀山湖,73,良,细颗粒物(PM2.5),53,60,0.6,63,14,32,9
811,2018-03-10 01:00:00,上海,青浦淀山湖,68,良,细颗粒物(PM2.5),49,55,0.5,54,15,15,9
812,2018-03-10 02:00:00,上海,青浦淀山湖,67,良,细颗粒物(PM2.5),48,51,0.5,57,8,12,9
813,2018-03-10 03:00:00,上海,青浦淀山湖,70,良,细颗粒物(PM2.5),51,51,0.5,47,17,13,8
814,2018-03-10 04:00:00,上海,青浦淀山湖,73,良,细颗粒物(PM2.5),53,51,0.5,44,17,14,8
815,2018-03-10 05:00:00,上海,青浦淀山湖,74,良,细颗粒物(PM2.5),54,51,0.5,50,8,13,8
816,2018-03-10 06:00:00,上海,青浦淀山湖,78,良,细颗粒物(PM2.5),57,51,0.6,51,5,12,9
817,2018-03-10 07:00:00,上海,青浦淀山湖,74,良,细颗粒物(PM2.5),54,51,0.6,47,7,11,9
818,2018-03-10 08:00:00,上海,青浦淀山湖,85,良,细颗粒物(PM2.5),63,51,0.7,44,19,12,11
819,2018-03-10 09:00:00,上海,青浦淀山湖,102,轻度污染,细颗粒物(PM2.5),76,51,0.7,44,44,16,15
820,2018-03-10 10:00:00,上海,青浦淀山湖,110,轻度污染,细颗粒物(PM2.5),83,51,1.0,44,90,26,16
821,2018-03-10 11:00:00,上海,青浦淀山湖,109,轻度污染,细颗粒物(PM2.5),82,51,1.0,31,123,39,14
822,2018-03-10 12:00:00,上海,青浦淀山湖,114,轻度污染,细颗粒物(PM2.5),86,51,0.8,34,122,52,12
823,2018-03-10 13:00:00,上海,青浦淀山湖,108,轻度污染,细颗粒物(PM2.5),81,51,0.6,25,134,68,10
824,2018-03-10 14:00:00,上海,青浦淀山湖,105,轻度污染,细颗粒物(PM2.5),79,51,0.6,20,148,86,11
825,2018-03-10 15:00:00,上海,青浦淀山湖,112,轻度污染,细颗粒物(PM2.5),84,51,0.6,20,159,105,11
826,2018-03-10 16:00:00,上海,青浦淀山湖,118,轻度污染,细颗粒物(PM2.5),89,51,0.6,21,170,124,12
827,2018-03-10 17:00:00,上海,青浦淀山湖,119,轻度污染,细颗粒物(PM2.5),90,51,0.6,23,167,139,12
828,2018-03-10 18:00:00,上海,青浦淀山湖,119,轻度污染,细颗粒物(PM2.5),90,51,0.6,33,149,146,12
829,2018-03-10 19:00:00,上海,青浦淀山湖,114,轻度污染,细颗粒物(PM2.5),86,51,0.6,63,99,144,11
830,2018-03-10 20:00:00,上海,青浦淀山湖,102,轻度污染,细颗粒物(PM2.5),76,51,0.6,65,83,139,11
831,2018-03-11 09:00:00,上海,青浦淀山湖,129,轻度污染,细颗粒物(PM2.5),98,51,0.8,52,57,57,12
832,2018-03-11 10:00:00,上海,青浦淀山湖,125,轻度污染,细颗粒物(PM2.5),95,51,0.8,52,80,68,14
833,2018-03-11 11:00:00,上海,青浦淀山湖,125,轻度污染,细颗粒物(PM2.5),95,51,0.7,53,97,78,14
834,2018-03-11 12:00:00,上海,青浦淀山湖,122,轻度污染,细颗粒物(PM2.5),92,51,0.6,51,116,88,13
835,2018-03-11 13:00:00,上海,青浦淀山湖,109,轻度污染,细颗粒物(PM2.5),82,51,0.5,35,155,101,11
836,2018-03-11 14:00:00,上海,青浦淀山湖,82,良,细颗粒物(PM2.5),60,51,0.4,26,155,110,9
837,2018-03-11 15:00:00,上海,青浦淀山湖,55,良,细颗粒物(PM2.5),39,51,0.4,25,152,116,10
838,2018-03-11 16:00:00,上海,青浦淀山湖,48,优,细颗粒物(PM2.5),33,51,0.3,26,144,120,9
839,2018-03-11 17:00:00,上海,青浦淀山湖,46,优,细颗粒物(PM2.5),32,51,0.3,30,128,128,9
840,2018-03-11 18:00:00,上海,青浦淀山湖,39,优,细颗粒物(PM2.5),27,27,0.3,56,96,130,9
841,2018-03-11 19:00:00,上海,青浦淀山湖,57,良,细颗粒物(PM2.5),40,44,0.4,78,82,128,10
842,2018-03-11 20:00:00,上海,青浦淀山湖,70,良,细颗粒物(PM2.5),51,60,0.4,77,78,124,10
843,2018-03-11 21:00:00,上海,青浦淀山湖,79,良,细颗粒物(PM2.5),58,69,0.4,43,101,117,9
844,2018-03-11 22:00:00,上海,青浦淀山湖,68,良,细颗粒物(PM2.5),49,60,0.3,38,91,109,9
845,2018-03-11 23:00:00,上海,青浦淀山湖,53,良,细颗粒物(PM2.5),37,40,0.2,38,77,100,9
846,2018-03-12 00:00:00,上海,青浦淀山湖,30,优,细颗粒物(PM2.5),21,23,0.2,45,62,89,9
847,2018-03-12 01:00:00,上海,青浦淀山湖,30,优,细颗粒物(PM2.5),21,21,0.2,35,66,66,9
848,2018-03-12 02:00:00,上海,青浦淀山湖,35,优,细颗粒物(PM2.5),24,21,0.3,36,60,63,10
849,2018-03-12 03:00:00,上海,青浦淀山湖,42,优,细颗粒物(PM2.5),29,21,0.3,33,61,62,10
850,2018-03-12 04:00:00,上海,青浦淀山湖,45,优,细颗粒物(PM2.5),31,21,0.3,27,62,62,10
851,2018-03-12 05:00:00,上海,青浦淀山湖,46,优,细颗粒物(PM2.5),32,21,0.3,38,47,59,11
852,2018-03-12 06:00:00,上海,青浦淀山湖,48,优,细颗粒物(PM2.5),33,21,0.4,45,35,55,10
853,2018-03-12 07:00:00,上海,青浦淀山湖,48,优,细颗粒物(PM2.5),33,21,0.4,53,26,51,11
854,2018-03-12 08:00:00,上海,青浦淀山湖,50,优,细颗粒物(PM2.5),35,21,0.4,48,35,49,12
855,2018-03-12 09:00:00,上海,青浦淀山湖,53,良,细颗粒物(PM2.5),37,21,0.4,44,47,47,13
856,2018-03-12 10:00:00,上海,青浦淀山湖,54,良,细颗粒物(PM2.5),38,41,0.5,40,62,47,13
857,2018-03-12 11:00:00,上海,青浦淀山湖,63,良,细颗粒物(PM2.5),45,49,0.5,35,95,51,13
858,2018-03-12 12:00:00,上海,青浦淀山湖,69,良,细颗粒物(PM2.5),50,57,0.5,35,131,60,14
859,2018-03-12 13:00:00,上海,青浦淀山湖,78,良,细颗粒物(PM2.5),57,67,0.5,39,167,75,14
860,2018-03-12 14:00:00,上海,青浦淀山湖,88,良,细颗粒物(PM2.5),65,71,0.5,35,184,93,14
861,2018-03-12 15:00:00,上海,青浦淀山湖,92,良,臭氧1小时,62,67,0.5,35,193,114,13
862,2018-03-12 16:00:00,上海,青浦淀山湖,94,良,臭氧1小时,60,64,0.4,36,195,134,13
863,2018-03-12 17:00:00,上海,青浦淀山湖,85,良,细颗粒物(PM2.5),63,66,0.4,43,165,149,12
864,2018-03-12 18:00:00,上海,青浦淀山湖,83,良,细颗粒物(PM2.5),61,64,0.4,53,137,158,12
865,2018-03-12 19:00:00,上海,青浦淀山湖,70,良,细颗粒物(PM2.5),51,62,0.3,72,74,156,10
866,2018-03-12 20:00:00,上海,青浦淀山湖,52,良,颗粒物(PM10)细颗粒物(PM2.5),36,53,0.3,72,47,145,10
867,2018-03-12 22:00:00,上海,青浦淀山湖,39,优,颗粒物(PM10)细颗粒物(PM2.5),27,31,0.3,60,39,113,10
868,2018-03-12 23:00:00,上海,青浦淀山湖,46,优,颗粒物(PM10)细颗粒物(PM2.5),32,31,0.3,67,24,92,10
869,2018-03-13 00:00:00,上海,青浦淀山湖,50,优,颗粒物(PM10)细颗粒物(PM2.5),35,31,0.3,64,20,70,10
870,2018-03-13 01:00:00,上海,青浦淀山湖,49,优,颗粒物(PM10)细颗粒物(PM2.5),34,31,0.3,68,12,12,10
871,2018-03-13 02:00:00,上海,青浦淀山湖,46,优,颗粒物(PM10)细颗粒物(PM2.5),32,31,0.3,74,4,8,10
872,2018-03-13 03:00:00,上海,青浦淀山湖,58,良,细颗粒物(PM2.5),41,31,0.4,71,2,6,10
873,2018-03-13 04:00:00,上海,青浦淀山湖,65,良,细颗粒物(PM2.5),47,31,0.4,66,2,5,9
874,2018-03-13 05:00:00,上海,青浦淀山湖,53,良,细颗粒物(PM2.5),37,31,0.4,63,4,5,9
875,2018-03-13 06:00:00,上海,青浦淀山湖,52,良,细颗粒物(PM2.5),36,31,0.4,62,3,4,9
876,2018-03-13 07:00:00,上海,青浦淀山湖,52,良,细颗粒物(PM2.5),36,31,0.4,60,4,4,9
877,2018-03-13 08:00:00,上海,青浦淀山湖,58,良,细颗粒物(PM2.5),41,43,0.4,56,14,6,11
878,2018-03-13 09:00:00,上海,青浦淀山湖,74,良,细颗粒物(PM2.5),54,43,0.4,51,35,8,13
879,2018-03-13 10:00:00,上海,青浦淀山湖,69,良,细颗粒物(PM2.5),50,43,0.4,41,66,16,13
880,2018-03-13 11:00:00,上海,青浦淀山湖,64,良,细颗粒物(PM2.5),46,50,0.4,37,96,28,11
881,2018-03-13 12:00:00,上海,青浦淀山湖,73,良,细颗粒物(PM2.5),53,60,0.4,40,127,44,12
882,2018-03-13 13:00:00,上海,青浦淀山湖,69,良,细颗粒物(PM2.5),50,55,0.3,29,150,62,11
883,2018-03-13 16:00:00,上海,青浦淀山湖,50,优,细颗粒物(PM2.5),35,37,0.3,32,150,111,10
884,2018-03-13 17:00:00,上海,青浦淀山湖,49,优,细颗粒物(PM2.5),33,49,0.3,35,150,124,10
885,2018-03-13 18:00:00,上海,青浦淀山湖,54,良,颗粒物(PM10),35,57,0.3,51,93,128,10
886,2018-03-13 19:00:00,上海,青浦淀山湖,50,优,颗粒物(PM10),28,50,0.3,31,85,126,10
887,2018-03-13 20:00:00,上海,青浦淀山湖,32,优,颗粒物(PM10),22,32,0.3,26,73,117,9
888,2018-03-13 21:00:00,上海,青浦淀山湖,28,优,颗粒物(PM10),19,25,0.3,25,67,104,8
889,2018-03-13 22:00:00,上海,青浦淀山湖,26,优,颗粒物(PM10),18,22,0.3,29,60,88,9
890,2018-03-13 23:00:00,上海,青浦淀山湖,33,优,颗粒物(PM10),23,22,0.3,37,48,71,9
891,2018-03-14 00:00:00,上海,青浦淀山湖,30,优,颗粒物(PM10),21,22,0.3,33,45,67,9
892,2018-03-14 01:00:00,上海,青浦淀山湖,39,优,颗粒物(PM10),27,22,0.3,45,28,28,10
893,2018-03-14 02:00:00,上海,青浦淀山湖,36,优,颗粒物(PM10),25,22,0.4,43,26,27,9
894,2018-03-14 03:00:00,上海,青浦淀山湖,33,优,颗粒物(PM10),23,22,0.4,45,22,25,9
895,2018-03-14 04:00:00,上海,青浦淀山湖,38,优,颗粒物(PM10),26,22,0.3,42,24,25,9
896,2018-03-14 05:00:00,上海,青浦淀山湖,38,优,颗粒物(PM10),26,22,0.3,51,13,23,9
897,2018-03-14 06:00:00,上海,青浦淀山湖,38,优,颗粒物(PM10),26,22,0.3,53,11,21,9
898,2018-03-14 22:00:00,上海,青浦淀山湖,36,优,颗粒物(PM10),24,36,0.5,27,36,35,9
899,2018-03-14 23:00:00,上海,青浦淀山湖,42,优,颗粒物(PM10),29,32,0.5,24,36,35,9
900,2018-03-15 00:00:00,上海,青浦淀山湖,50,优,颗粒物(PM10),35,36,0.5,26,34,35,10
901,2018-03-15 01:00:00,上海,青浦淀山湖,53,良,细颗粒物(PM2.5),37,40,0.5,27,30,30,10
902,2018-03-15 02:00:00,上海,青浦淀山湖,53,良,细颗粒物(PM2.5),37,41,0.5,29,23,26,10
903,2018-03-15 03:00:00,上海,青浦淀山湖,58,良,细颗粒物(PM2.5),41,41,0.4,37,9,21,9
904,2018-03-15 04:00:00,上海,青浦淀山湖,52,良,细颗粒物(PM2.5),36,41,0.4,41,4,16,9
905,2018-03-15 05:00:00,上海,青浦淀山湖,52,良,细颗粒物(PM2.5),36,36,0.4,43,3,14,9
906,2018-03-15 06:00:00,上海,青浦淀山湖,46,优,细颗粒物(PM2.5),32,38,0.4,41,3,12,10
907,2018-03-15 07:00:00,上海,青浦淀山湖,50,优,细颗粒物(PM2.5),35,43,0.4,41,3,11,10
908,2018-03-15 08:00:00,上海,青浦淀山湖,62,良,细颗粒物(PM2.5),44,47,0.5,38,4,10,10
909,2018-03-15 09:00:00,上海,青浦淀山湖,73,良,细颗粒物(PM2.5),53,47,0.6,35,4,7,11
910,2018-03-15 10:00:00,上海,青浦淀山湖,75,良,细颗粒物(PM2.5),55,47,0.6,34,10,5,12
911,2018-03-15 11:00:00,上海,青浦淀山湖,88,良,细颗粒物(PM2.5),65,47,0.6,42,17,6,18
912,2018-03-15 12:00:00,上海,青浦淀山湖,107,轻度污染,细颗粒物(PM2.5),80,47,0.7,49,13,7,18
913,2018-03-15 13:00:00,上海,青浦淀山湖,110,轻度污染,细颗粒物(PM2.5),83,47,0.7,52,23,10,18
914,2018-03-15 17:00:00,上海,青浦淀山湖,107,轻度污染,细颗粒物(PM2.5),80,47,0.6,60,29,28,13
915,2018-03-15 18:00:00,上海,青浦淀山湖,118,轻度污染,细颗粒物(PM2.5),89,47,0.7,81,7,28,13
916,2018-03-15 19:00:00,上海,青浦淀山湖,122,轻度污染,细颗粒物(PM2.5),92,47,0.9,87,4,26,12
917,2018-03-15 20:00:00,上海,青浦淀山湖,123,轻度污染,细颗粒物(PM2.5),93,47,1.1,90,4,25,12
918,2018-03-15 21:00:00,上海,青浦淀山湖,107,轻度污染,细颗粒物(PM2.5),80,47,0.7,54,20,25,9
919,2018-03-15 22:00:00,上海,青浦淀山湖,52,良,细颗粒物(PM2.5),36,47,0.3,16,32,24,6
920,2018-03-15 23:00:00,上海,青浦淀山湖,40,优,细颗粒物(PM2.5),28,47,0.5,9,50,25,6
921,2018-03-16 00:00:00,上海,青浦淀山湖,42,优,细颗粒物(PM2.5),29,47,0.6,7,72,27,6
922,2018-03-16 01:00:00,上海,青浦淀山湖,33,优,细颗粒物(PM2.5),23,25,0.5,6,86,86,5
923,2018-03-16 02:00:00,上海,青浦淀山湖,40,优,细颗粒物(PM2.5),28,25,0.5,6,86,86,6
924,2018-03-16 03:00:00,上海,青浦淀山湖,45,优,细颗粒物(PM2.5),31,25,0.4,6,86,86,6
925,2018-03-16 04:00:00,上海,青浦淀山湖,42,优,细颗粒物(PM2.5),29,29,0.4,5,82,85,5
926,2018-03-16 05:00:00,上海,青浦淀山湖,43,优,细颗粒物(PM2.5),30,34,0.4,5,77,83,5
927,2018-03-16 06:00:00,上海,青浦淀山湖,39,优,细颗粒物(PM2.5),27,31,0.4,5,78,82,5
928,2018-03-16 07:00:00,上海,青浦淀山湖,39,优,细颗粒物(PM2.5),27,36,0.4,6,83,83,5
929,2018-03-16 08:00:00,上海,青浦淀山湖,51,良,颗粒物(PM10),30,52,0.3,8,85,83,6
930,2018-03-16 09:00:00,上海,青浦淀山湖,53,良,颗粒物(PM10),26,56,0.4,13,82,82,6
931,2018-03-16 10:00:00,上海,青浦淀山湖,55,良,颗粒物(PM10),28,59,0.3,12,85,82,6
932,2018-03-16 11:00:00,上海,青浦淀山湖,54,良,颗粒物(PM10),29,58,0.3,13,86,82,6
933,2018-03-16 16:00:00,上海,青浦淀山湖,52,良,颗粒物(PM10),25,53,0.3,13,99,92,6
934,2018-03-16 17:00:00,上海,青浦淀山湖,49,优,颗粒物(PM10),23,49,0.3,13,98,94,6
935,2018-03-16 18:00:00,上海,青浦淀山湖,47,优,颗粒物(PM10),25,47,0.4,12,88,95,7
936,2018-03-16 19:00:00,上海,青浦淀山湖,42,优,颗粒物(PM10),21,42,0.4,12,97,96,7
937,2018-03-16 20:00:00,上海,青浦淀山湖,42,优,颗粒物(PM10),22,42,0.4,12,94,97,7
938,2018-03-16 21:00:00,上海,青浦淀山湖,40,优,颗粒物(PM10),22,40,0.4,11,94,96,7
939,2018-03-16 22:00:00,上海,青浦淀山湖,38,优,颗粒物(PM10),19,38,0.4,14,89,95,7
940,2018-03-16 23:00:00,上海,青浦淀山湖,40,优,颗粒物(PM10),23,40,0.6,17,83,93,9
941,2018-03-17 00:00:00,上海,青浦淀山湖,40,优,颗粒物(PM10),24,40,0.5,16,83,91,8
942,2018-03-17 01:00:00,上海,青浦淀山湖,38,优,颗粒物(PM10),18,38,0.6,20,76,76,10
943,2018-03-17 02:00:00,上海,青浦淀山湖,38,优,颗粒物(PM10),20,38,0.5,23,68,72,9
944,2018-03-17 03:00:00,上海,青浦淀山湖,37,优,颗粒物(PM10),24,37,0.5,31,55,66,8
945,2018-03-17 04:00:00,上海,青浦淀山湖,36,优,颗粒物(PM10),20,36,0.5,40,41,60,7
946,2018-03-17 05:00:00,上海,青浦淀山湖,36,优,颗粒物(PM10),22,36,0.5,41,35,55,7
947,2018-03-17 06:00:00,上海,青浦淀山湖,38,优,颗粒物(PM10),26,37,0.5,40,40,52,7
948,2018-03-17 07:00:00,上海,青浦淀山湖,38,优,颗粒物(PM10),25,38,0.5,53,25,49,7
949,2018-03-17 08:00:00,上海,青浦淀山湖,42,优,颗粒物(PM10),26,42,0.5,49,31,46,8
950,2018-03-17 09:00:00,上海,青浦淀山湖,45,优,颗粒物(PM10),23,45,0.5,33,60,44,13
951,2018-03-17 10:00:00,上海,青浦淀山湖,42,优,颗粒物(PM10),21,42,0.5,24,78,46,9
952,2018-03-17 11:00:00,上海,青浦淀山湖,39,优,颗粒物(PM10),19,39,0.4,21,82,49,8
953,2018-03-17 12:00:00,上海,青浦淀山湖,39,优,颗粒物(PM10),20,39,0.4,17,89,55,7
954,2018-03-17 13:00:00,上海,青浦淀山湖,36,优,颗粒物(PM10),20,36,0.4,12,102,63,6
955,2018-03-17 14:00:00,上海,青浦淀山湖,34,优,颗粒物(PM10),17,34,0.4,10,108,72,6
956,2018-03-17 15:00:00,上海,青浦淀山湖,35,优,颗粒物(PM10),13,33,0.4,11,109,82,7
957,2018-03-17 16:00:00,上海,青浦淀山湖,35,优,颗粒物(PM10),16,35,0.4,12,110,92,7
958,2018-03-17 17:00:00,上海,青浦淀山湖,39,优,颗粒物(PM10),19,39,0.4,22,99,97,7
959,2018-03-17 18:00:00,上海,青浦淀山湖,40,优,颗粒物(PM10),18,40,0.4,23,94,99,7
960,2018-03-17 19:00:00,上海,青浦淀山湖,39,优,颗粒物(PM10),16,39,0.4,17,92,100,7
961,2018-03-17 20:00:00,上海,青浦淀山湖,34,优,颗粒物(PM10),15,34,0.4,14,92,101,6
962,2018-03-17 21:00:00,上海,青浦淀山湖,34,优,颗粒物(PM10),14,34,0.4,16,85,99,6
963,2018-03-17 22:00:00,上海,青浦淀山湖,33,优,颗粒物(PM10),15,33,0.3,14,86,96,6
964,2018-03-17 23:00:00,上海,青浦淀山湖,29,优,颗粒物(PM10),12,29,0.3,13,84,93,7
965,2018-03-18 00:00:00,上海,青浦淀山湖,30,优,颗粒物(PM10),14,30,0.3,14,84,90,7
966,2018-03-18 01:00:00,上海,青浦淀山湖,29,优,颗粒物(PM10),12,29,0.3,9,88,88,7
967,2018-03-18 02:00:00,上海,青浦淀山湖,29,优,颗粒物(PM10),9,29,0.4,12,81,84,9
968,2018-03-18 03:00:00,上海,青浦淀山湖,32,优,颗粒物(PM10),13,32,0.4,19,69,79,11
969,2018-03-18 04:00:00,上海,青浦淀山湖,32,优,颗粒物(PM10),18,32,0.4,19,69,77,11
970,2018-03-18 05:00:00,上海,青浦淀山湖,33,优,颗粒物(PM10),16,33,0.4,25,64,74,11
971,2018-03-18 06:00:00,上海,青浦淀山湖,32,优,颗粒物(PM10),19,32,0.4,30,59,72,9
972,2018-03-18 07:00:00,上海,青浦淀山湖,32,优,颗粒物(PM10),15,32,0.4,39,50,69,9
973,2018-03-18 08:00:00,上海,青浦淀山湖,35,优,颗粒物(PM10),20,35,0.4,43,48,66,9
974,2018-03-18 09:00:00,上海,青浦淀山湖,39,优,颗粒物(PM10),21,39,0.5,32,60,62,10
975,2018-03-18 10:00:00,上海,青浦淀山湖,44,优,颗粒物(PM10),21,44,0.5,30,66,61,10
976,2018-03-18 11:00:00,上海,青浦淀山湖,45,优,颗粒物(PM10),27,45,0.5,25,69,61,9
977,2018-03-18 12:00:00,上海,青浦淀山湖,42,优,颗粒物(PM10),27,42,0.5,27,69,61,10
978,2018-03-18 13:00:00,上海,青浦淀山湖,48,优,颗粒物(PM10),33,42,0.5,26,66,61,10
979,2018-03-18 14:00:00,上海,青浦淀山湖,53,良,细颗粒物(PM2.5),37,43,0.5,26,67,62,10
980,2018-03-18 15:00:00,上海,青浦淀山湖,60,良,细颗粒物(PM2.5),43,47,0.6,26,67,64,9
981,2018-03-18 16:00:00,上海,青浦淀山湖,54,良,细颗粒物(PM2.5),38,46,0.6,24,67,66,8
982,2018-03-18 17:00:00,上海,青浦淀山湖,62,良,细颗粒物(PM2.5),44,52,0.7,59,25,62,9
983,2018-03-18 18:00:00,上海,青浦淀山湖,74,良,细颗粒物(PM2.5),54,58,0.7,73,8,55,10
984,2018-03-18 20:00:00,上海,青浦淀山湖,92,良,细颗粒物(PM2.5),68,58,0.8,69,8,40,9
985,2018-03-18 21:00:00,上海,青浦淀山湖,77,良,细颗粒物(PM2.5),56,58,0.9,66,5,32,9
986,2018-03-18 22:00:00,上海,青浦淀山湖,78,良,细颗粒物(PM2.5),57,58,0.9,64,4,24,8
987,2018-03-18 23:00:00,上海,青浦淀山湖,74,良,细颗粒物(PM2.5),54,58,1.0,65,4,16,7
988,2018-03-19 00:00:00,上海,青浦淀山湖,59,良,细颗粒物(PM2.5),42,58,1.0,62,4,8,8
989,2018-03-19 01:00:00,上海,青浦淀山湖,50,优,细颗粒物(PM2.5),35,58,1.0,57,4,4,8
990,2018-03-19 02:00:00,上海,青浦淀山湖,46,优,细颗粒物(PM2.5),32,58,0.8,45,13,8,8
991,2018-03-19 03:00:00,上海,青浦淀山湖,39,优,细颗粒物(PM2.5),27,58,0.8,19,41,19,10
992,2018-03-19 04:00:00,上海,青浦淀山湖,49,优,细颗粒物(PM2.5),34,58,0.6,17,39,24,7
993,2018-03-19 05:00:00,上海,青浦淀山湖,55,良,细颗粒物(PM2.5),39,58,1.1,18,45,28,7
994,2018-03-19 06:00:00,上海,青浦淀山湖,63,良,细颗粒物(PM2.5),45,58,1.0,19,45,31,8
995,2018-03-19 07:00:00,上海,青浦淀山湖,68,良,细颗粒物(PM2.5),49,58,1.2,19,52,34,8
996,2018-03-19 08:00:00,上海,青浦淀山湖,75,良,细颗粒物(PM2.5),55,58,1.0,16,64,38,7
997,2018-03-19 09:00:00,上海,青浦淀山湖,59,良,细颗粒物(PM2.5),42,58,0.7,14,71,46,7
998,2018-03-19 10:00:00,上海,青浦淀山湖,58,良,细颗粒物(PM2.5),41,58,0.6,15,72,54,6
999,2018-03-19 11:00:00,上海,青浦淀山湖,49,优,细颗粒物(PM2.5),34,37,0.6,17,72,58,6
1000,2018-03-19 12:00:00,上海,青浦淀山湖,46,优,细颗粒物(PM2.5),32,34,0.5,18,77,62,6
1001,2018-03-19 13:00:00,上海,青浦淀山湖,48,优,细颗粒物(PM2.5),33,34,0.5,18,73,66,6
1002,2018-03-19 14:00:00,上海,青浦淀山湖,45,优,细颗粒物(PM2.5),31,34,0.5,19,68,69,6
1003,2018-03-19 15:00:00,上海,青浦淀山湖,38,优,细颗粒物(PM2.5),26,34,0.5,20,72,71,6
1004,2018-03-19 16:00:00,上海,青浦淀山湖,33,优,细颗粒物(PM2.5),23,23,0.5,21,74,72,6
1005,2018-03-19 17:00:00,上海,青浦淀山湖,46,优,细颗粒物(PM2.5),32,33,0.5,21,67,72,6
1006,2018-03-19 18:00:00,上海,青浦淀山湖,53,良,细颗粒物(PM2.5),37,42,0.5,28,65,71,7
1007,2018-03-19 19:00:00,上海,青浦淀山湖,53,良,细颗粒物(PM2.5),37,44,0.5,20,80,72,7
1008,2018-03-19 20:00:00,上海,青浦淀山湖,52,良,细颗粒物(PM2.5),36,41,0.5,19,81,72,8
1009,2018-03-19 21:00:00,上海,青浦淀山湖,58,良,细颗粒物(PM2.5),41,41,0.5,15,86,74,9
1010,2018-03-19 22:00:00,上海,青浦淀山湖,54,良,细颗粒物(PM2.5),38,41,0.5,19,76,75,9
1011,2018-03-19 23:00:00,上海,青浦淀山湖,59,良,细颗粒物(PM2.5),42,41,0.6,18,73,75,12
1012,2018-03-20 00:00:00,上海,青浦淀山湖,65,良,细颗粒物(PM2.5),47,41,0.6,13,85,77,11
1013,2018-03-20 01:00:00,上海,青浦淀山湖,52,良,细颗粒物(PM2.5),36,41,0.7,11,99,99,11
1014,2018-03-20 02:00:00,上海,青浦淀山湖,63,良,细颗粒物(PM2.5),45,41,0.8,12,99,99,13
1015,2018-03-20 03:00:00,上海,青浦淀山湖,79,良,细颗粒物(PM2.5),58,41,0.9,18,80,93,14
1016,2018-03-20 04:00:00,上海,青浦淀山湖,79,良,细颗粒物(PM2.5),58,41,0.7,14,80,90,12
1017,2018-03-20 05:00:00,上海,青浦淀山湖,85,良,细颗粒物(PM2.5),63,41,0.8,16,76,87,12
1018,2018-03-20 06:00:00,上海,青浦淀山湖,95,良,细颗粒物(PM2.5),71,41,0.8,19,68,84,11
1019,2018-03-20 07:00:00,上海,青浦淀山湖,102,轻度污染,细颗粒物(PM2.5),76,41,0.8,21,62,81,10
1020,2018-03-20 08:00:00,上海,青浦淀山湖,115,轻度污染,细颗粒物(PM2.5),87,41,0.8,22,58,78,9
1021,2018-03-20 09:00:00,上海,青浦淀山湖,115,轻度污染,细颗粒物(PM2.5),87,41,1.0,20,65,74,7
1022,2018-03-20 10:00:00,上海,青浦淀山湖,109,轻度污染,细颗粒物(PM2.5),82,41,1.1,21,65,69,7
1023,2018-03-20 11:00:00,上海,青浦淀山湖,84,良,细颗粒物(PM2.5),62,41,1.1,22,68,68,7
1024,2018-03-20 12:00:00,上海,青浦淀山湖,68,良,细颗粒物(PM2.5),49,41,1.0,23,67,66,7
1025,2018-03-20 13:00:00,上海,青浦淀山湖,59,良,细颗粒物(PM2.5),42,41,1.0,27,57,64,7
1026,2018-03-20 15:00:00,上海,青浦淀山湖,58,良,细颗粒物(PM2.5),41,41,0.9,37,47,60,7
1027,2018-03-20 16:00:00,上海,青浦淀山湖,64,良,细颗粒物(PM2.5),46,41,0.9,40,43,58,8
1028,2018-03-20 17:00:00,上海,青浦淀山湖,67,良,细颗粒物(PM2.5),48,41,0.9,38,45,56,8
1029,2018-03-20 18:00:00,上海,青浦淀山湖,62,良,细颗粒物(PM2.5),44,44,1.0,39,39,53,7
1030,2018-03-20 19:00:00,上海,青浦淀山湖,65,良,细颗粒物(PM2.5),47,47,0.9,38,36,49,7
1031,2018-03-20 20:00:00,上海,青浦淀山湖,60,良,细颗粒物(PM2.5),43,47,1.0,35,38,45,7
1032,2018-03-20 21:00:00,上海,青浦淀山湖,46,优,细颗粒物(PM2.5),32,47,0.9,29,45,44,7
1033,2018-03-20 22:00:00,上海,青浦淀山湖,33,优,细颗粒物(PM2.5),23,47,0.7,23,51,43,6
1034,2018-03-20 23:00:00,上海,青浦淀山湖,29,优,细颗粒物(PM2.5),20,47,0.6,18,56,44,6
1035,2018-03-21 00:00:00,上海,青浦淀山湖,33,优,细颗粒物(PM2.5),23,47,0.6,15,60,46,6
1036,2018-03-21 01:00:00,上海,青浦淀山湖,35,优,细颗粒物(PM2.5),24,47,0.6,11,68,68,6
1037,2018-03-21 02:00:00,上海,青浦淀山湖,29,优,细颗粒物(PM2.5),20,47,0.6,10,70,69,6
1038,2018-03-21 03:00:00,上海,青浦淀山湖,30,优,细颗粒物(PM2.5),21,47,0.6,12,67,68,7
1039,2018-03-21 04:00:00,上海,青浦淀山湖,28,优,细颗粒物(PM2.5),19,47,0.7,14,62,67,7
1040,2018-03-21 05:00:00,上海,青浦淀山湖,32,优,细颗粒物(PM2.5),22,47,0.6,16,57,65,6
1041,2018-03-21 06:00:00,上海,青浦淀山湖,30,优,细颗粒物(PM2.5),21,47,0.6,16,54,63,7
1042,2018-03-21 07:00:00,上海,青浦淀山湖,26,优,细颗粒物(PM2.5),18,47,0.6,16,58,62,7
1043,2018-03-21 08:00:00,上海,青浦淀山湖,23,优,细颗粒物(PM2.5),16,47,0.6,15,64,62,6
1044,2018-03-21 09:00:00,上海,青浦淀山湖,25,优,细颗粒物(PM2.5),17,47,0.6,18,61,62,6
1045,2018-03-21 10:00:00,上海,青浦淀山湖,25,优,细颗粒物(PM2.5),17,47,0.6,18,64,61,7
1046,2018-03-21 11:00:00,上海,青浦淀山湖,23,优,细颗粒物(PM2.5),16,47,0.6,25,54,59,7
1047,2018-03-21 12:00:00,上海,青浦淀山湖,30,优,细颗粒物(PM2.5),21,47,0.6,24,56,58,7
1048,2018-03-21 13:00:00,上海,青浦淀山湖,39,优,细颗粒物(PM2.5),27,47,0.6,26,59,59,7
1049,2018-03-21 14:00:00,上海,青浦淀山湖,45,优,细颗粒物(PM2.5),31,47,0.6,26,61,60,7
1050,2018-03-21 15:00:00,上海,青浦淀山湖,52,良,细颗粒物(PM2.5),36,47,0.9,36,51,59,8
1051,2018-03-21 16:00:00,上海,青浦淀山湖,53,良,细颗粒物(PM2.5),37,47,0.9,37,52,57,8
1052,2018-03-21 17:00:00,上海,青浦淀山湖,53,良,细颗粒物(PM2.5),37,39,0.8,38,52,56,8
1053,2018-03-21 18:00:00,上海,青浦淀山湖,64,良,细颗粒物(PM2.5),46,39,0.9,45,44,54,9
1054,2018-03-21 19:00:00,上海,青浦淀山湖,69,良,细颗粒物(PM2.5),50,51,0.9,52,36,51,9
1055,2018-03-21 20:00:00,上海,青浦淀山湖,70,良,细颗粒物(PM2.5),51,51,0.8,43,47,50,8
1056,2018-03-21 21:00:00,上海,青浦淀山湖,74,良,细颗粒物(PM2.5),54,51,0.8,43,43,48,10
1057,2018-03-21 22:00:00,上海,青浦淀山湖,77,良,细颗粒物(PM2.5),56,51,0.8,50,31,44,9
1058,2018-03-21 23:00:00,上海,青浦淀山湖,77,良,细颗粒物(PM2.5),56,51,0.8,56,23,41,9
1059,2018-03-22 00:00:00,上海,青浦淀山湖,80,良,细颗粒物(PM2.5),59,51,0.9,63,17,37,10
1060,2018-03-22 01:00:00,上海,青浦淀山湖,82,良,细颗粒物(PM2.5),60,51,0.9,66,7,7,9
1061,2018-03-22 02:00:00,上海,青浦淀山湖,79,良,细颗粒物(PM2.5),58,51,0.8,61,6,6,11
1062,2018-03-22 03:00:00,上海,青浦淀山湖,78,良,细颗粒物(PM2.5),57,51,0.8,58,4,6,13
1063,2018-03-22 04:00:00,上海,青浦淀山湖,83,良,细颗粒物(PM2.5),61,62,0.8,60,4,5,18
1064,2018-03-22 05:00:00,上海,青浦淀山湖,93,良,细颗粒物(PM2.5),69,62,0.8,58,4,5,16
1065,2018-03-22 06:00:00,上海,青浦淀山湖,99,良,细颗粒物(PM2.5),74,62,0.9,59,5,5,22
1066,2018-03-22 07:00:00,上海,青浦淀山湖,107,轻度污染,细颗粒物(PM2.5),80,62,0.9,56,6,5,21
1067,2018-03-22 08:00:00,上海,青浦淀山湖,112,轻度污染,细颗粒物(PM2.5),84,62,1.0,50,17,7,22
1068,2018-03-22 09:00:00,上海,青浦淀山湖,129,轻度污染,细颗粒物(PM2.5),98,62,0.9,45,37,10,34
1069,2018-03-22 10:00:00,上海,青浦淀山湖,129,轻度污染,细颗粒物(PM2.5),98,62,0.9,43,48,16,27
1070,2018-03-22 11:00:00,上海,青浦淀山湖,124,轻度污染,细颗粒物(PM2.5),94,62,0.8,33,77,25,24
1071,2018-03-22 12:00:00,上海,青浦淀山湖,118,轻度污染,细颗粒物(PM2.5),89,62,0.8,34,98,36,26
1072,2018-03-22 13:00:00,上海,青浦淀山湖,114,轻度污染,细颗粒物(PM2.5),86,62,0.8,26,115,50,28
1073,2018-03-22 15:00:00,上海,青浦淀山湖,114,轻度污染,细颗粒物(PM2.5),86,62,0.8,23,142,76,19
1074,2018-03-22 16:00:00,上海,青浦淀山湖,123,轻度污染,细颗粒物(PM2.5),93,62,0.8,25,141,99,18
1075,2018-03-22 18:00:00,上海,青浦淀山湖,107,轻度污染,细颗粒物(PM2.5),80,62,0.8,40,120,120,16
1076,2018-03-22 19:00:00,上海,青浦淀山湖,110,轻度污染,细颗粒物(PM2.5),83,62,0.9,112,36,115,16
1077,2018-03-22 20:00:00,上海,青浦淀山湖,124,轻度污染,细颗粒物(PM2.5),94,62,1.0,130,7,104,16
1078,2018-03-22 21:00:00,上海,青浦淀山湖,128,轻度污染,细颗粒物(PM2.5),97,62,0.9,136,10,91,16
1079,2018-03-22 22:00:00,上海,青浦淀山湖,125,轻度污染,细颗粒物(PM2.5),95,97,1.0,111,6,75,15
1080,2018-03-22 23:00:00,上海,青浦淀山湖,123,轻度污染,细颗粒物(PM2.5),93,97,0.9,89,5,58,11
1081,2018-03-23 00:00:00,上海,青浦淀山湖,128,轻度污染,细颗粒物(PM2.5),97,97,1.0,104,5,41,12
1082,2018-03-23 01:00:00,上海,青浦淀山湖,137,轻度污染,细颗粒物(PM2.5),104,108,0.9,92,5,5,10
1083,2018-03-23 02:00:00,上海,青浦淀山湖,134,轻度污染,细颗粒物(PM2.5),102,108,0.8,83,5,5,9
1084,2018-03-23 03:00:00,上海,青浦淀山湖,130,轻度污染,细颗粒物(PM2.5),99,108,0.8,76,4,5,9
1085,2018-03-23 04:00:00,上海,青浦淀山湖,124,轻度污染,细颗粒物(PM2.5),94,108,0.8,72,5,5,9
1086,2018-03-23 05:00:00,上海,青浦淀山湖,118,轻度污染,细颗粒物(PM2.5),89,108,0.8,70,5,5,8
1087,2018-03-23 06:00:00,上海,青浦淀山湖,115,轻度污染,细颗粒物(PM2.5),87,108,0.8,70,4,5,9
1088,2018-03-23 07:00:00,上海,青浦淀山湖,110,轻度污染,细颗粒物(PM2.5),83,108,0.9,63,5,5,9
1089,2018-03-23 08:00:00,上海,青浦淀山湖,133,轻度污染,细颗粒物(PM2.5),101,108,1.0,63,8,5,13
1090,2018-03-23 09:00:00,上海,青浦淀山湖,175,中度污染,细颗粒物(PM2.5),132,108,1.0,67,26,8,23
1091,2018-03-23 10:00:00,上海,青浦淀山湖,195,中度污染,细颗粒物(PM2.5),146,108,0.9,59,59,14,23
1092,2018-03-23 11:00:00,上海,青浦淀山湖,178,中度污染,细颗粒物(PM2.5),134,108,1.0,59,60,22,19
1093,2018-03-23 12:00:00,上海,青浦淀山湖,163,中度污染,细颗粒物(PM2.5),124,108,1.0,60,89,32,14
1094,2018-03-23 13:00:00,上海,青浦淀山湖,130,轻度污染,细颗粒物(PM2.5),99,108,0.8,42,130,48,13
1095,2018-03-23 14:00:00,上海,青浦淀山湖,73,良,颗粒物(PM10),99,95,0.7,33,146,65,12
1096,2018-03-23 15:00:00,上海,青浦淀山湖,68,良,颗粒物(PM10),99,86,0.7,25,159,85,12
1097,2018-03-23 16:00:00,上海,青浦淀山湖,98,良,细颗粒物(PM2.5),73,83,0.6,28,164,104,12
1098,2018-03-23 17:00:00,上海,青浦淀山湖,109,轻度污染,细颗粒物(PM2.5),82,87,0.6,30,164,121,12
1099,2018-03-23 18:00:00,上海,青浦淀山湖,108,轻度污染,细颗粒物(PM2.5),81,87,0.6,40,142,132,12
1100,2018-03-23 19:00:00,上海,青浦淀山湖,88,良,细颗粒物(PM2.5),65,77,0.6,73,87,135,12
1101,2018-03-23 20:00:00,上海,青浦淀山湖,87,良,细颗粒物(PM2.5),64,79,0.7,111,34,128,11
1102,2018-03-23 21:00:00,上海,青浦淀山湖,98,良,细颗粒物(PM2.5),73,88,0.7,112,25,115,10
1103,2018-03-23 22:00:00,上海,青浦淀山湖,99,良,细颗粒物(PM2.5),74,87,0.7,81,62,105,10
1104,2018-03-23 23:00:00,上海,青浦淀山湖,117,轻度污染,细颗粒物(PM2.5),88,93,0.7,69,63,93,10
1105,2018-03-24 00:00:00,上海,青浦淀山湖,124,轻度污染,细颗粒物(PM2.5),94,95,0.7,74,46,78,12
1106,2018-03-24 01:00:00,上海,青浦淀山湖,127,轻度污染,细颗粒物(PM2.5),96,95,0.7,82,29,29,11
1107,2018-03-24 02:00:00,上海,青浦淀山湖,120,轻度污染,细颗粒物(PM2.5),91,95,0.7,84,21,25,11
1108,2018-03-24 03:00:00,上海,青浦淀山湖,107,轻度污染,细颗粒物(PM2.5),80,95,0.7,84,14,21,10
1109,2018-03-24 04:00:00,上海,青浦淀山湖,100,良,细颗粒物(PM2.5),75,95,0.6,76,17,20,10
1110,2018-03-24 05:00:00,上海,青浦淀山湖,100,良,细颗粒物(PM2.5),75,95,0.6,71,16,19,11
1111,2018-03-24 06:00:00,上海,青浦淀山湖,97,良,细颗粒物(PM2.5),72,95,0.6,73,9,18,11
1112,2018-03-24 07:00:00,上海,青浦淀山湖,95,良,细颗粒物(PM2.5),71,95,0.7,71,9,16,12
1113,2018-03-24 08:00:00,上海,青浦淀山湖,103,轻度污染,细颗粒物(PM2.5),77,78,0.7,65,17,16,13
1114,2018-03-24 09:00:00,上海,青浦淀山湖,104,轻度污染,细颗粒物(PM2.5),78,86,0.7,60,41,18,15
1115,2018-03-24 10:00:00,上海,青浦淀山湖,100,良,细颗粒物(PM2.5),75,83,0.8,62,67,24,18
1116,2018-03-24 11:00:00,上海,青浦淀山湖,95,良,细颗粒物(PM2.5),71,84,0.7,55,86,33,16
1117,2018-03-24 12:00:00,上海,青浦淀山湖,98,良,细颗粒物(PM2.5),73,89,0.7,56,104,44,15
1118,2018-03-24 13:00:00,上海,青浦淀山湖,104,轻度污染,细颗粒物(PM2.5),78,85,0.7,46,137,59,14
1119,2018-03-24 14:00:00,上海,青浦淀山湖,94,良,细颗粒物(PM2.5),70,86,0.7,44,152,77,13
1120,2018-03-24 15:00:00,上海,青浦淀山湖,106,轻度污染,臭氧1小时,61,82,0.6,28,212,102,12
1121,2018-03-24 16:00:00,上海,青浦淀山湖,109,轻度污染,臭氧1小时,58,86,0.6,32,217,127,12
1122,2018-03-24 17:00:00,上海,青浦淀山湖,87,良,细颗粒物(PM2.5),64,86,0.6,43,178,144,11
1123,2018-03-24 18:00:00,上海,青浦淀山湖,77,良,细颗粒物(PM2.5),56,88,0.6,66,116,150,11
1124,2018-03-24 19:00:00,上海,青浦淀山湖,80,良,细颗粒物(PM2.5),59,99,0.7,140,29,143,12
1125,2018-03-24 20:00:00,上海,青浦淀山湖,98,良,细颗粒物(PM2.5),73,112,0.7,118,44,136,12
1126,2018-03-24 21:00:00,上海,青浦淀山湖,98,良,细颗粒物(PM2.5),73,112,0.6,112,35,123,10
1127,2018-03-24 22:00:00,上海,青浦淀山湖,105,轻度污染,细颗粒物(PM2.5),79,106,0.6,111,28,107,10
1128,2018-03-24 23:00:00,上海,青浦淀山湖,104,轻度污染,细颗粒物(PM2.5),78,99,0.6,81,52,87,11
1129,2018-03-25 00:00:00,上海,青浦淀山湖,107,轻度污染,细颗粒物(PM2.5),80,93,0.6,62,56,67,11
1130,2018-03-25 01:00:00,上海,青浦淀山湖,115,轻度污染,细颗粒物(PM2.5),87,93,0.5,65,40,40,11
1131,2018-03-25 02:00:00,上海,青浦淀山湖,124,轻度污染,细颗粒物(PM2.5),94,93,0.5,49,52,46,11
1132,2018-03-25 03:00:00,上海,青浦淀山湖,127,轻度污染,细颗粒物(PM2.5),96,93,0.5,37,63,52,10
1133,2018-03-25 04:00:00,上海,青浦淀山湖,125,轻度污染,细颗粒物(PM2.5),95,93,0.5,36,63,54,10
1134,2018-03-25 05:00:00,上海,青浦淀山湖,125,轻度污染,细颗粒物(PM2.5),95,93,0.6,42,60,56,10
1135,2018-03-25 06:00:00,上海,青浦淀山湖,123,轻度污染,细颗粒物(PM2.5),93,93,0.6,37,66,57,10
1136,2018-03-25 07:00:00,上海,青浦淀山湖,117,轻度污染,细颗粒物(PM2.5),88,93,0.6,42,64,58,10
1137,2018-03-25 08:00:00,上海,青浦淀山湖,113,轻度污染,细颗粒物(PM2.5),85,93,0.6,57,55,58,12
1138,2018-03-25 09:00:00,上海,青浦淀山湖,107,轻度污染,细颗粒物(PM2.5),80,93,0.7,55,66,61,13
1139,2018-03-25 10:00:00,上海,青浦淀山湖,109,轻度污染,细颗粒物(PM2.5),82,89,0.7,51,80,65,13
1140,2018-03-25 11:00:00,上海,青浦淀山湖,107,轻度污染,细颗粒物(PM2.5),80,91,0.7,60,85,67,13
1141,2018-03-25 12:00:00,上海,青浦淀山湖,100,良,细颗粒物(PM2.5),75,88,0.6,45,110,73,14
1142,2018-03-25 13:00:00,上海,青浦淀山湖,99,良,细颗粒物(PM2.5),74,91,0.7,35,136,83,15
1143,2018-03-25 14:00:00,上海,青浦淀山湖,103,轻度污染,细颗粒物(PM2.5),77,92,0.7,29,167,95,15
1144,2018-03-25 15:00:00,上海,青浦淀山湖,99,良,细颗粒物(PM2.5),74,88,0.6,28,165,108,15
1145,2018-03-25 16:00:00,上海,青浦淀山湖,102,轻度污染,细颗粒物(PM2.5),76,87,0.6,29,180,124,14
1146,2018-03-25 17:00:00,上海,青浦淀山湖,105,轻度污染,细颗粒物(PM2.5),79,96,0.7,40,181,138,15
1147,2018-03-25 18:00:00,上海,青浦淀山湖,118,轻度污染,细颗粒物(PM2.5),89,105,0.7,52,147,146,13
1148,2018-03-25 19:00:00,上海,青浦淀山湖,107,轻度污染,细颗粒物(PM2.5),80,102,0.6,89,90,147,12
1149,2018-03-25 20:00:00,上海,青浦淀山湖,105,轻度污染,细颗粒物(PM2.5),79,97,0.6,65,89,144,12
1150,2018-03-25 21:00:00,上海,青浦淀山湖,103,轻度污染,细颗粒物(PM2.5),77,95,0.6,58,77,137,12
1151,2018-03-25 22:00:00,上海,青浦淀山湖,110,轻度污染,细颗粒物(PM2.5),83,103,0.6,63,57,123,12
1152,2018-03-25 23:00:00,上海,青浦淀山湖,123,轻度污染,细颗粒物(PM2.5),93,99,0.6,60,49,109,12
1153,2018-03-26 00:00:00,上海,青浦淀山湖,125,轻度污染,细颗粒物(PM2.5),95,99,0.6,54,44,92,12
1154,2018-03-26 01:00:00,上海,青浦淀山湖,124,轻度污染,细颗粒物(PM2.5),94,99,0.5,63,28,28,12
1155,2018-03-26 02:00:00,上海,青浦淀山湖,119,轻度污染,细颗粒物(PM2.5),90,99,0.5,72,15,22,12
1156,2018-03-26 03:00:00,上海,青浦淀山湖,117,轻度污染,细颗粒物(PM2.5),88,99,0.5,52,30,24,12
1157,2018-03-26 04:00:00,上海,青浦淀山湖,110,轻度污染,细颗粒物(PM2.5),83,99,0.5,58,31,26,11
1158,2018-03-26 05:00:00,上海,青浦淀山湖,105,轻度污染,细颗粒物(PM2.5),79,99,0.5,50,36,28,10
1159,2018-03-26 06:00:00,上海,青浦淀山湖,112,轻度污染,细颗粒物(PM2.5),84,99,0.5,63,20,27,11
1160,2018-03-26 07:00:00,上海,青浦淀山湖,108,轻度污染,细颗粒物(PM2.5),81,99,0.6,73,11,24,11
1161,2018-03-26 08:00:00,上海,青浦淀山湖,113,轻度污染,细颗粒物(PM2.5),85,99,0.6,66,21,24,14
1162,2018-03-26 09:00:00,上海,青浦淀山湖,117,轻度污染,细颗粒物(PM2.5),88,99,0.7,53,49,27,15
1163,2018-03-26 10:00:00,上海,青浦淀山湖,115,轻度污染,细颗粒物(PM2.5),87,99,0.7,44,78,34,14
1164,2018-03-26 11:00:00,上海,青浦淀山湖,103,轻度污染,细颗粒物(PM2.5),77,99,0.6,34,114,45,11
1165,2018-03-26 12:00:00,上海,青浦淀山湖,84,良,细颗粒物(PM2.5),62,62,0.5,26,129,57,10
1166,2018-03-26 13:00:00,上海,青浦淀山湖,73,良,细颗粒物(PM2.5),53,62,0.4,22,136,70,9
1167,2018-03-26 14:00:00,上海,青浦淀山湖,68,良,细颗粒物(PM2.5),49,62,0.4,19,150,86,8
1168,2018-03-26 15:00:00,上海,青浦淀山湖,58,良,细颗粒物(PM2.5),41,62,0.3,19,150,103,9
1169,2018-03-26 16:00:00,上海,青浦淀山湖,49,优,细颗粒物(PM2.5),33,33,0.4,23,154,120,9
1170,2018-03-26 17:00:00,上海,青浦淀山湖,48,优,细颗粒物(PM2.5),33,38,0.4,27,134,131,10
1171,2018-03-26 18:00:00,上海,青浦淀山湖,45,优,细颗粒物(PM2.5),31,38,0.3,32,119,136,10
1172,2018-03-26 19:00:00,上海,青浦淀山湖,48,优,细颗粒物(PM2.5),33,43,0.4,44,99,134,11
1173,2018-03-26 20:00:00,上海,青浦淀山湖,69,良,细颗粒物(PM2.5),50,57,0.5,48,91,129,11
1174,2018-03-26 21:00:00,上海,青浦淀山湖,82,良,细颗粒物(PM2.5),60,57,0.5,52,69,121,9
1175,2018-03-26 22:00:00,上海,青浦淀山湖,85,良,细颗粒物(PM2.5),63,57,0.5,70,33,106,9
1176,2018-03-26 23:00:00,上海,青浦淀山湖,109,轻度污染,细颗粒物(PM2.5),82,57,0.5,74,22,90,9
1177,2018-03-27 00:00:00,上海,青浦淀山湖,118,轻度污染,细颗粒物(PM2.5),89,57,0.5,82,12,72,9
1178,2018-03-27 01:00:00,上海,青浦淀山湖,115,轻度污染,细颗粒物(PM2.5),87,57,0.5,89,5,5,10
1179,2018-03-27 02:00:00,上海,青浦淀山湖,109,轻度污染,细颗粒物(PM2.5),82,57,0.5,86,4,4,10
1180,2018-03-27 03:00:00,上海,青浦淀山湖,107,轻度污染,细颗粒物(PM2.5),80,57,0.5,78,4,4,10
1181,2018-03-27 04:00:00,上海,青浦淀山湖,107,轻度污染,细颗粒物(PM2.5),80,57,0.6,69,4,4,10
1182,2018-03-27 05:00:00,上海,青浦淀山湖,112,轻度污染,细颗粒物(PM2.5),84,57,0.6,64,4,4,11
1183,2018-03-27 06:00:00,上海,青浦淀山湖,113,轻度污染,细颗粒物(PM2.5),85,57,0.6,60,4,4,11
1184,2018-03-27 07:00:00,上海,青浦淀山湖,104,轻度污染,细颗粒物(PM2.5),78,57,0.7,60,6,4,12
1185,2018-03-27 08:00:00,上海,青浦淀山湖,119,轻度污染,细颗粒物(PM2.5),90,57,0.7,62,11,5,16
1186,2018-03-27 09:00:00,上海,青浦淀山湖,135,轻度污染,细颗粒物(PM2.5),103,57,0.7,55,33,9,18
1187,2018-03-27 10:00:00,上海,青浦淀山湖,122,轻度污染,细颗粒物(PM2.5),92,57,0.7,38,81,18,15
1188,2018-03-27 12:00:00,上海,青浦淀山湖,98,良,细颗粒物(PM2.5),73,57,0.6,24,136,48,10
1189,2018-03-27 13:00:00,上海,青浦淀山湖,82,良,细颗粒物(PM2.5),60,57,0.5,18,161,68,9
1190,2018-03-27 14:00:00,上海,青浦淀山湖,75,良,臭氧1小时,54,57,0.5,18,180,90,8
1191,2018-03-27 15:00:00,上海,青浦淀山湖,98,良,臭氧1小时,57,57,0.5,19,198,114,8
1192,2018-03-27 16:00:00,上海,青浦淀山湖,101,轻度污染,臭氧1小时,56,57,0.4,23,201,138,8
1193,2018-03-27 17:00:00,上海,青浦淀山湖,83,良,臭氧1小时,57,57,0.5,38,186,157,9
1194,2018-03-27 18:00:00,上海,青浦淀山湖,90,良,细颗粒物(PM2.5),67,57,0.5,39,159,167,9
1195,2018-03-27 19:00:00,上海,青浦淀山湖,59,良,细颗粒物(PM2.5),42,43,0.4,47,98,165,8
1196,2018-03-27 20:00:00,上海,青浦淀山湖,55,良,细颗粒物(PM2.5),39,41,0.5,48,85,158,8
1197,2018-03-27 21:00:00,上海,青浦淀山湖,77,良,细颗粒物(PM2.5),56,56,0.5,70,54,145,8
1198,2018-03-27 22:00:00,上海,青浦淀山湖,102,轻度污染,细颗粒物(PM2.5),76,56,0.5,60,47,128,9
1199,2018-03-27 23:00:00,上海,青浦淀山湖,102,轻度污染,细颗粒物(PM2.5),76,56,0.5,56,45,109,10
1200,2018-03-28 00:00:00,上海,青浦淀山湖,97,良,细颗粒物(PM2.5),72,56,0.5,54,41,89,10
1201,2018-03-28 01:00:00,上海,青浦淀山湖,97,良,细颗粒物(PM2.5),72,56,0.5,57,31,31,11
1202,2018-03-28 02:00:00,上海,青浦淀山湖,94,良,细颗粒物(PM2.5),70,56,0.5,58,29,30,11
1203,2018-03-28 03:00:00,上海,青浦淀山湖,95,良,细颗粒物(PM2.5),71,56,0.5,64,21,27,10
1204,2018-03-28 04:00:00,上海,青浦淀山湖,97,良,细颗粒物(PM2.5),72,56,0.5,59,23,26,10
1205,2018-03-28 05:00:00,上海,青浦淀山湖,94,良,细颗粒物(PM2.5),70,56,0.6,69,16,24,11
1206,2018-03-28 06:00:00,上海,青浦淀山湖,93,良,细颗粒物(PM2.5),69,56,0.6,69,15,22,10
1207,2018-03-28 07:00:00,上海,青浦淀山湖,92,良,细颗粒物(PM2.5),68,56,0.6,61,18,22,11
1208,2018-03-28 08:00:00,上海,青浦淀山湖,98,良,细颗粒物(PM2.5),73,56,0.6,52,32,23,12
1209,2018-03-28 09:00:00,上海,青浦淀山湖,98,良,细颗粒物(PM2.5),73,56,0.6,47,47,25,12
1210,2018-03-28 10:00:00,上海,青浦淀山湖,98,良,细颗粒物(PM2.5),73,56,0.7,39,79,31,11
1211,2018-03-28 11:00:00,上海,青浦淀山湖,99,良,细颗粒物(PM2.5),74,56,0.7,36,125,44,12
1212,2018-03-28 12:00:00,上海,青浦淀山湖,98,良,细颗粒物(PM2.5),73,56,0.6,41,158,61,15
1213,2018-03-28 14:00:00,上海,青浦淀山湖,114,轻度污染,臭氧1小时,82,87,0.6,32,227,110,13
1214,2018-03-28 15:00:00,上海,青浦淀山湖,125,轻度污染,臭氧1小时,91,87,0.5,27,250,140,13
1215,2018-03-28 16:00:00,上海,青浦淀山湖,115,轻度污染,臭氧1小时,74,87,0.5,31,230,164,12
1216,2018-03-28 18:00:00,上海,青浦淀山湖,68,良,细颗粒物(PM2.5),49,52,0.4,55,144,190,9
1217,2018-03-28 19:00:00,上海,青浦淀山湖,58,良,细颗粒物(PM2.5),41,56,0.4,72,126,190,8
1218,2018-03-28 20:00:00,上海,青浦淀山湖,62,良,颗粒物(PM10)细颗粒物(PM2.5),44,73,0.5,98,72,180,8
1219,2018-03-28 21:00:00,上海,青浦淀山湖,62,良,细颗粒物(PM2.5),44,65,0.5,85,47,161,8
1220,2018-03-28 22:00:00,上海,青浦淀山湖,60,良,细颗粒物(PM2.5),43,53,0.4,73,37,137,8
1221,2018-03-28 23:00:00,上海,青浦淀山湖,62,良,细颗粒物(PM2.5),44,53,0.4,63,34,110,8
1222,2018-03-29 00:00:00,上海,青浦淀山湖,59,良,细颗粒物(PM2.5),42,53,0.4,54,33,85,8
1223,2018-03-29 01:00:00,上海,青浦淀山湖,59,良,细颗粒物(PM2.5),42,53,0.4,52,29,29,8
1224,2018-03-29 02:00:00,上海,青浦淀山湖,54,良,细颗粒物(PM2.5),38,39,0.4,48,28,28,8
1225,2018-03-29 03:00:00,上海,青浦淀山湖,53,良,细颗粒物(PM2.5),37,37,0.4,43,29,29,8
1226,2018-03-29 04:00:00,上海,青浦淀山湖,52,良,细颗粒物(PM2.5),36,36,0.4,40,28,28,8
1227,2018-03-29 05:00:00,上海,青浦淀山湖,52,良,细颗粒物(PM2.5),36,38,0.4,45,22,27,9
1228,2018-03-29 06:00:00,上海,青浦淀山湖,50,优,细颗粒物(PM2.5),35,40,0.4,47,18,26,9
1229,2018-03-29 07:00:00,上海,青浦淀山湖,49,优,细颗粒物(PM2.5),34,42,0.5,50,16,24,9
1230,2018-03-29 08:00:00,上海,青浦淀山湖,53,良,细颗粒物(PM2.5),37,42,0.5,43,33,25,11
1231,2018-03-29 09:00:00,上海,青浦淀山湖,49,优,细颗粒物(PM2.5),34,45,0.4,41,44,27,11
1232,2018-03-29 10:00:00,上海,青浦淀山湖,52,良,细颗粒物(PM2.5),36,50,0.4,42,65,32,10
1233,2018-03-29 11:00:00,上海,青浦淀山湖,54,良,细颗粒物(PM2.5),38,45,0.4,36,104,41,10
